,gene_id,version,phylum,class,order,family,genus,species_x,DBD,id,species,tsne-pca500-one,tsne-pca500-two
0,BLR25_RS18300,GCF_900099695.1,Proteobacteria,Betaproteobacteria,Rhodocyclales,Rhodocyclaceae,Propionivibrio,Propionivibrio dicarboxylicus,HTH_8,GCF_900099695.1-BLR25_RS18300,BLR25,-27.353422,19.549576
1,BLR25_RS09520,GCF_900099695.1,Proteobacteria,Betaproteobacteria,Rhodocyclales,Rhodocyclaceae,Propionivibrio,Propionivibrio dicarboxylicus,Trans_reg_C,GCF_900099695.1-BLR25_RS09520,BLR25,5.388007,-18.0055
2,BLR25_RS08900,GCF_900099695.1,Proteobacteria,Betaproteobacteria,Rhodocyclales,Rhodocyclaceae,Propionivibrio,Propionivibrio dicarboxylicus,LytTR,GCF_900099695.1-BLR25_RS08900,BLR25,-17.783264,9.7849
3,BLR25_RS08720,GCF_900099695.1,Proteobacteria,Betaproteobacteria,Rhodocyclales,Rhodocyclaceae,Propionivibrio,Propionivibrio dicarboxylicus,GGDEF,GCF_900099695.1-BLR25_RS08720,BLR25,25.347286,-20.334167
4,BLR25_RS08715,GCF_900099695.1,Proteobacteria,Betaproteobacteria,Rhodocyclales,Rhodocyclaceae,Propionivibrio,Propionivibrio dicarboxylicus,,GCF_900099695.1-BLR25_RS08715,BLR25,-9.535142,11.171944
5,BLR25_RS16885,GCF_900099695.1,Proteobacteria,Betaproteobacteria,Rhodocyclales,Rhodocyclaceae,Propionivibrio,Propionivibrio dicarboxylicus,EAL,GCF_900099695.1-BLR25_RS16885,BLR25,-2.9425735,6.4871907
6,BLR25_RS16420,GCF_900099695.1,Proteobacteria,Betaproteobacteria,Rhodocyclales,Rhodocyclaceae,Propionivibrio,Propionivibrio dicarboxylicus,LytTR,GCF_900099695.1-BLR25_RS16420,BLR25,-20.606274,8.942837
7,BLR25_RS17500,GCF_900099695.1,Proteobacteria,Betaproteobacteria,Rhodocyclales,Rhodocyclaceae,Propionivibrio,Propionivibrio dicarboxylicus,Trans_reg_C,GCF_900099695.1-BLR25_RS17500,BLR25,15.469765,-8.613592
8,BLR25_RS17490,GCF_900099695.1,Proteobacteria,Betaproteobacteria,Rhodocyclales,Rhodocyclaceae,Propionivibrio,Propionivibrio dicarboxylicus,GerE,GCF_900099695.1-BLR25_RS17490,BLR25,-25.69835,23.75303
9,BLR25_RS17480,GCF_900099695.1,Proteobacteria,Betaproteobacteria,Rhodocyclales,Rhodocyclaceae,Propionivibrio,Propionivibrio dicarboxylicus,HD_5,GCF_900099695.1-BLR25_RS17480,BLR25,9.37716,4.8275642
10,BLR25_RS17445,GCF_900099695.1,Proteobacteria,Betaproteobacteria,Rhodocyclales,Rhodocyclaceae,Propionivibrio,Propionivibrio dicarboxylicus,,GCF_900099695.1-BLR25_RS17445,BLR25,-9.615098,-6.89266
11,BLR25_RS17435,GCF_900099695.1,Proteobacteria,Betaproteobacteria,Rhodocyclales,Rhodocyclaceae,Propionivibrio,Propionivibrio dicarboxylicus,CheB_methylest,GCF_900099695.1-BLR25_RS17435,BLR25,-11.441124,31.734165
12,BLR25_RS17415,GCF_900099695.1,Proteobacteria,Betaproteobacteria,Rhodocyclales,Rhodocyclaceae,Propionivibrio,Propionivibrio dicarboxylicus,,GCF_900099695.1-BLR25_RS17415,BLR25,-3.4333444,-8.507026
13,BLR25_RS17400,GCF_900099695.1,Proteobacteria,Betaproteobacteria,Rhodocyclales,Rhodocyclaceae,Propionivibrio,Propionivibrio dicarboxylicus,GerE,GCF_900099695.1-BLR25_RS17400,BLR25,-30.284815,-8.455808
14,BLR25_RS17395,GCF_900099695.1,Proteobacteria,Betaproteobacteria,Rhodocyclales,Rhodocyclaceae,Propionivibrio,Propionivibrio dicarboxylicus,,GCF_900099695.1-BLR25_RS17395,BLR25,23.362343,-4.882499
15,BLR25_RS17385,GCF_900099695.1,Proteobacteria,Betaproteobacteria,Rhodocyclales,Rhodocyclaceae,Propionivibrio,Propionivibrio dicarboxylicus,,GCF_900099695.1-BLR25_RS17385,BLR25,1.0946937,25.732168
16,BLR25_RS17350,GCF_900099695.1,Proteobacteria,Betaproteobacteria,Rhodocyclales,Rhodocyclaceae,Propionivibrio,Propionivibrio dicarboxylicus,CheB_methylest,GCF_900099695.1-BLR25_RS17350,BLR25,-11.02339,30.372572
17,BLR25_RS17345,GCF_900099695.1,Proteobacteria,Betaproteobacteria,Rhodocyclales,Rhodocyclaceae,Propionivibrio,Propionivibrio dicarboxylicus,EAL,GCF_900099695.1-BLR25_RS17345,BLR25,8.17428,2.8556666
18,BLR25_RS16110,GCF_900099695.1,Proteobacteria,Betaproteobacteria,Rhodocyclales,Rhodocyclaceae,Propionivibrio,Propionivibrio dicarboxylicus,Trans_reg_C,GCF_900099695.1-BLR25_RS16110,BLR25,2.3775153,-16.25648
19,BLR25_RS16035,GCF_900099695.1,Proteobacteria,Betaproteobacteria,Rhodocyclales,Rhodocyclaceae,Propionivibrio,Propionivibrio dicarboxylicus,GGDEF,GCF_900099695.1-BLR25_RS16035,BLR25,20.892443,-22.335484
20,BLR25_RS14195,GCF_900099695.1,Proteobacteria,Betaproteobacteria,Rhodocyclales,Rhodocyclaceae,Propionivibrio,Propionivibrio dicarboxylicus,GerE,GCF_900099695.1-BLR25_RS14195,BLR25,-28.42819,27.597574
21,BLR25_RS14150,GCF_900099695.1,Proteobacteria,Betaproteobacteria,Rhodocyclales,Rhodocyclaceae,Propionivibrio,Propionivibrio dicarboxylicus,Trans_reg_C,GCF_900099695.1-BLR25_RS14150,BLR25,16.338112,-22.292454
22,BLR25_RS14055,GCF_900099695.1,Proteobacteria,Betaproteobacteria,Rhodocyclales,Rhodocyclaceae,Propionivibrio,Propionivibrio dicarboxylicus,CheW,GCF_900099695.1-BLR25_RS14055,BLR25,21.874125,24.906845
23,BLR25_RS14050,GCF_900099695.1,Proteobacteria,Betaproteobacteria,Rhodocyclales,Rhodocyclaceae,Propionivibrio,Propionivibrio dicarboxylicus,CheW,GCF_900099695.1-BLR25_RS14050,BLR25,19.030205,23.232613
24,BLR25_RS14045,GCF_900099695.1,Proteobacteria,Betaproteobacteria,Rhodocyclales,Rhodocyclaceae,Propionivibrio,Propionivibrio dicarboxylicus,,GCF_900099695.1-BLR25_RS14045,BLR25,-11.094589,1.6871476
25,BLR25_RS13850,GCF_900099695.1,Proteobacteria,Betaproteobacteria,Rhodocyclales,Rhodocyclaceae,Propionivibrio,Propionivibrio dicarboxylicus,HTH_8,GCF_900099695.1-BLR25_RS13850,BLR25,-13.535717,-13.238455
26,BLR25_RS13580,GCF_900099695.1,Proteobacteria,Betaproteobacteria,Rhodocyclales,Rhodocyclaceae,Propionivibrio,Propionivibrio dicarboxylicus,GerE,GCF_900099695.1-BLR25_RS13580,BLR25,29.958784,1.8236943
27,BLR25_RS13460,GCF_900099695.1,Proteobacteria,Betaproteobacteria,Rhodocyclales,Rhodocyclaceae,Propionivibrio,Propionivibrio dicarboxylicus,HD,GCF_900099695.1-BLR25_RS13460,BLR25,13.627288,5.4523144
28,BLR25_RS13450,GCF_900099695.1,Proteobacteria,Betaproteobacteria,Rhodocyclales,Rhodocyclaceae,Propionivibrio,Propionivibrio dicarboxylicus,GerE,GCF_900099695.1-BLR25_RS13450,BLR25,-30.769497,-5.1010094
29,BLR25_RS14615,GCF_900099695.1,Proteobacteria,Betaproteobacteria,Rhodocyclales,Rhodocyclaceae,Propionivibrio,Propionivibrio dicarboxylicus,,GCF_900099695.1-BLR25_RS14615,BLR25,1.0537832,20.986551
30,BLR25_RS14580,GCF_900099695.1,Proteobacteria,Betaproteobacteria,Rhodocyclales,Rhodocyclaceae,Propionivibrio,Propionivibrio dicarboxylicus,Trans_reg_C,GCF_900099695.1-BLR25_RS14580,BLR25,5.7379165,-14.588603
31,BLR25_RS14415,GCF_900099695.1,Proteobacteria,Betaproteobacteria,Rhodocyclales,Rhodocyclaceae,Propionivibrio,Propionivibrio dicarboxylicus,HTH_8,GCF_900099695.1-BLR25_RS14415,BLR25,-4.7415013,-24.686848
32,BLR25_RS03570,GCF_900099695.1,Proteobacteria,Betaproteobacteria,Rhodocyclales,Rhodocyclaceae,Propionivibrio,Propionivibrio dicarboxylicus,GerE,GCF_900099695.1-BLR25_RS03570,BLR25,-29.447166,1.6572106
33,BLR25_RS03480,GCF_900099695.1,Proteobacteria,Betaproteobacteria,Rhodocyclales,Rhodocyclaceae,Propionivibrio,Propionivibrio dicarboxylicus,,GCF_900099695.1-BLR25_RS03480,BLR25,1.7605584,5.0830407
34,BLR25_RS03475,GCF_900099695.1,Proteobacteria,Betaproteobacteria,Rhodocyclales,Rhodocyclaceae,Propionivibrio,Propionivibrio dicarboxylicus,,GCF_900099695.1-BLR25_RS03475,BLR25,20.278976,2.8197086
35,BLR25_RS01800,GCF_900099695.1,Proteobacteria,Betaproteobacteria,Rhodocyclales,Rhodocyclaceae,Propionivibrio,Propionivibrio dicarboxylicus,GerE,GCF_900099695.1-BLR25_RS01800,BLR25,-27.893494,-7.633883
36,BLR25_RS01600,GCF_900099695.1,Proteobacteria,Betaproteobacteria,Rhodocyclales,Rhodocyclaceae,Propionivibrio,Propionivibrio dicarboxylicus,HD_5,GCF_900099695.1-BLR25_RS01600,BLR25,12.178432,1.0874437
37,BLR25_RS01305,GCF_900099695.1,Proteobacteria,Betaproteobacteria,Rhodocyclales,Rhodocyclaceae,Propionivibrio,Propionivibrio dicarboxylicus,Trans_reg_C,GCF_900099695.1-BLR25_RS01305,BLR25,17.228634,-10.636716
38,BLR25_RS01185,GCF_900099695.1,Proteobacteria,Betaproteobacteria,Rhodocyclales,Rhodocyclaceae,Propionivibrio,Propionivibrio dicarboxylicus,GerE,GCF_900099695.1-BLR25_RS01185,BLR25,14.399388,6.4655986
39,BLR25_RS00545,GCF_900099695.1,Proteobacteria,Betaproteobacteria,Rhodocyclales,Rhodocyclaceae,Propionivibrio,Propionivibrio dicarboxylicus,Trans_reg_C,GCF_900099695.1-BLR25_RS00545,BLR25,14.541453,-17.214775
40,BLR25_RS00505,GCF_900099695.1,Proteobacteria,Betaproteobacteria,Rhodocyclales,Rhodocyclaceae,Propionivibrio,Propionivibrio dicarboxylicus,HTH_8,GCF_900099695.1-BLR25_RS00505,BLR25,-20.455374,21.790384
41,BLR25_RS00275,GCF_900099695.1,Proteobacteria,Betaproteobacteria,Rhodocyclales,Rhodocyclaceae,Propionivibrio,Propionivibrio dicarboxylicus,Trans_reg_C,GCF_900099695.1-BLR25_RS00275,BLR25,2.7751095,-8.27019
42,BLR25_RS00255,GCF_900099695.1,Proteobacteria,Betaproteobacteria,Rhodocyclales,Rhodocyclaceae,Propionivibrio,Propionivibrio dicarboxylicus,,GCF_900099695.1-BLR25_RS00255,BLR25,-3.5931284,-7.891591
43,BLR25_RS02615,GCF_900099695.1,Proteobacteria,Betaproteobacteria,Rhodocyclales,Rhodocyclaceae,Propionivibrio,Propionivibrio dicarboxylicus,Trans_reg_C,GCF_900099695.1-BLR25_RS02615,BLR25,15.57114,-4.933546
44,BLR25_RS02520,GCF_900099695.1,Proteobacteria,Betaproteobacteria,Rhodocyclales,Rhodocyclaceae,Propionivibrio,Propionivibrio dicarboxylicus,TPR_16,GCF_900099695.1-BLR25_RS02520,BLR25,32.427673,0.46417567
45,BLR25_RS02170,GCF_900099695.1,Proteobacteria,Betaproteobacteria,Rhodocyclales,Rhodocyclaceae,Propionivibrio,Propionivibrio dicarboxylicus,HTH_8,GCF_900099695.1-BLR25_RS02170,BLR25,-5.4442596,8.062298
46,BLR25_RS02125,GCF_900099695.1,Proteobacteria,Betaproteobacteria,Rhodocyclales,Rhodocyclaceae,Propionivibrio,Propionivibrio dicarboxylicus,,GCF_900099695.1-BLR25_RS02125,BLR25,7.1070504,-27.656755
47,BLR25_RS02085,GCF_900099695.1,Proteobacteria,Betaproteobacteria,Rhodocyclales,Rhodocyclaceae,Propionivibrio,Propionivibrio dicarboxylicus,GerE,GCF_900099695.1-BLR25_RS02085,BLR25,-25.838354,25.622875
48,BLR25_RS05130,GCF_900099695.1,Proteobacteria,Betaproteobacteria,Rhodocyclales,Rhodocyclaceae,Propionivibrio,Propionivibrio dicarboxylicus,GerE,GCF_900099695.1-BLR25_RS05130,BLR25,-29.76696,23.16668
49,BLR25_RS04670,GCF_900099695.1,Proteobacteria,Betaproteobacteria,Rhodocyclales,Rhodocyclaceae,Propionivibrio,Propionivibrio dicarboxylicus,HTH_8,GCF_900099695.1-BLR25_RS04670,BLR25,-26.450352,18.217388
50,BLR25_RS07205,GCF_900099695.1,Proteobacteria,Betaproteobacteria,Rhodocyclales,Rhodocyclaceae,Propionivibrio,Propionivibrio dicarboxylicus,Trans_reg_C,GCF_900099695.1-BLR25_RS07205,BLR25,15.42814,-7.2851567
51,BLR25_RS07025,GCF_900099695.1,Proteobacteria,Betaproteobacteria,Rhodocyclales,Rhodocyclaceae,Propionivibrio,Propionivibrio dicarboxylicus,GerE,GCF_900099695.1-BLR25_RS07025,BLR25,-26.34749,-2.250044
52,BLR25_RS06775,GCF_900099695.1,Proteobacteria,Betaproteobacteria,Rhodocyclales,Rhodocyclaceae,Propionivibrio,Propionivibrio dicarboxylicus,GerE,GCF_900099695.1-BLR25_RS06775,BLR25,-30.09689,21.282734
53,BLR25_RS06755,GCF_900099695.1,Proteobacteria,Betaproteobacteria,Rhodocyclales,Rhodocyclaceae,Propionivibrio,Propionivibrio dicarboxylicus,HD_5,GCF_900099695.1-BLR25_RS06755,BLR25,10.625134,4.5996637
54,BLR25_RS06660,GCF_900099695.1,Proteobacteria,Betaproteobacteria,Rhodocyclales,Rhodocyclaceae,Propionivibrio,Propionivibrio dicarboxylicus,,GCF_900099695.1-BLR25_RS06660,BLR25,12.866668,-27.070583
55,BLR25_RS20695,GCF_900099695.1,Proteobacteria,Betaproteobacteria,Rhodocyclales,Rhodocyclaceae,Propionivibrio,Propionivibrio dicarboxylicus,,GCF_900099695.1-BLR25_RS20695,BLR25,11.269554,-18.64028
56,BLR25_RS15755,GCF_900099695.1,Proteobacteria,Betaproteobacteria,Rhodocyclales,Rhodocyclaceae,Propionivibrio,Propionivibrio dicarboxylicus,,GCF_900099695.1-BLR25_RS15755,BLR25,-12.478071,-4.1477637
57,BLR25_RS15725,GCF_900099695.1,Proteobacteria,Betaproteobacteria,Rhodocyclales,Rhodocyclaceae,Propionivibrio,Propionivibrio dicarboxylicus,CheB_methylest,GCF_900099695.1-BLR25_RS15725,BLR25,-10.553134,28.283915
58,BLR25_RS11840,GCF_900099695.1,Proteobacteria,Betaproteobacteria,Rhodocyclales,Rhodocyclaceae,Propionivibrio,Propionivibrio dicarboxylicus,HTH_8,GCF_900099695.1-BLR25_RS11840,BLR25,-7.2026377,-12.410203
59,BLR25_RS06390,GCF_900099695.1,Proteobacteria,Betaproteobacteria,Rhodocyclales,Rhodocyclaceae,Propionivibrio,Propionivibrio dicarboxylicus,HD_5,GCF_900099695.1-BLR25_RS06390,BLR25,14.698399,2.2306244
60,BLR25_RS05970,GCF_900099695.1,Proteobacteria,Betaproteobacteria,Rhodocyclales,Rhodocyclaceae,Propionivibrio,Propionivibrio dicarboxylicus,HD,GCF_900099695.1-BLR25_RS05970,BLR25,11.911142,-9.932856
61,BLR25_RS05865,GCF_900099695.1,Proteobacteria,Betaproteobacteria,Rhodocyclales,Rhodocyclaceae,Propionivibrio,Propionivibrio dicarboxylicus,HD_5,GCF_900099695.1-BLR25_RS05865,BLR25,11.012886,4.318866
62,BLR25_RS05570,GCF_900099695.1,Proteobacteria,Betaproteobacteria,Rhodocyclales,Rhodocyclaceae,Propionivibrio,Propionivibrio dicarboxylicus,,GCF_900099695.1-BLR25_RS05570,BLR25,-4.1520405,-4.1953893
63,BLR25_RS10345,GCF_900099695.1,Proteobacteria,Betaproteobacteria,Rhodocyclales,Rhodocyclaceae,Propionivibrio,Propionivibrio dicarboxylicus,Trans_reg_C,GCF_900099695.1-BLR25_RS10345,BLR25,2.8123066,-21.498514
64,BLR25_RS09690,GCF_900099695.1,Proteobacteria,Betaproteobacteria,Rhodocyclales,Rhodocyclaceae,Propionivibrio,Propionivibrio dicarboxylicus,EAL,GCF_900099695.1-BLR25_RS09690,BLR25,-2.3877928,19.696463
65,BLR25_RS09675,GCF_900099695.1,Proteobacteria,Betaproteobacteria,Rhodocyclales,Rhodocyclaceae,Propionivibrio,Propionivibrio dicarboxylicus,HTH_17,GCF_900099695.1-BLR25_RS09675,BLR25,31.988283,-12.533208
66,BLR25_RS09660,GCF_900099695.1,Proteobacteria,Betaproteobacteria,Rhodocyclales,Rhodocyclaceae,Propionivibrio,Propionivibrio dicarboxylicus,,GCF_900099695.1-BLR25_RS09660,BLR25,-0.87390745,14.435555
67,BLR25_RS09655,GCF_900099695.1,Proteobacteria,Betaproteobacteria,Rhodocyclales,Rhodocyclaceae,Propionivibrio,Propionivibrio dicarboxylicus,HD,GCF_900099695.1-BLR25_RS09655,BLR25,0.29863825,19.260359
68,BLR25_RS10890,GCF_900099695.1,Proteobacteria,Betaproteobacteria,Rhodocyclales,Rhodocyclaceae,Propionivibrio,Propionivibrio dicarboxylicus,Trans_reg_C,GCF_900099695.1-BLR25_RS10890,BLR25,15.041998,-18.138308
69,BLR25_RS10875,GCF_900099695.1,Proteobacteria,Betaproteobacteria,Rhodocyclales,Rhodocyclaceae,Propionivibrio,Propionivibrio dicarboxylicus,,GCF_900099695.1-BLR25_RS10875,BLR25,-10.765991,-3.1651428
70,BLR25_RS10845,GCF_900099695.1,Proteobacteria,Betaproteobacteria,Rhodocyclales,Rhodocyclaceae,Propionivibrio,Propionivibrio dicarboxylicus,,GCF_900099695.1-BLR25_RS10845,BLR25,-8.646915,-2.7502224
71,BLR25_RS10565,GCF_900099695.1,Proteobacteria,Betaproteobacteria,Rhodocyclales,Rhodocyclaceae,Propionivibrio,Propionivibrio dicarboxylicus,Trans_reg_C,GCF_900099695.1-BLR25_RS10565,BLR25,-5.174083,-17.755383
72,BLR25_RS18580,GCF_900099695.1,Proteobacteria,Betaproteobacteria,Rhodocyclales,Rhodocyclaceae,Propionivibrio,Propionivibrio dicarboxylicus,Trans_reg_C,GCF_900099695.1-BLR25_RS18580,BLR25,4.12756,-15.910322
73,BLR25_RS20145,GCF_900099695.1,Proteobacteria,Betaproteobacteria,Rhodocyclales,Rhodocyclaceae,Propionivibrio,Propionivibrio dicarboxylicus,HTH_8,GCF_900099695.1-BLR25_RS20145,BLR25,-19.102541,19.006533
74,F464_RS0126840,GCF_000378245.1,Proteobacteria,Betaproteobacteria,Rhodocyclales,Zoogloeaceae,Azoarcus,Azoarcus toluclasticus,GerE,GCF_000378245.1-F464_RS0126840,F464,-31.736237,27.476263
75,F464_RS0126585,GCF_000378245.1,Proteobacteria,Betaproteobacteria,Rhodocyclales,Zoogloeaceae,Azoarcus,Azoarcus toluclasticus,GerE,GCF_000378245.1-F464_RS0126585,F464,-28.460468,-9.280585
76,F464_RS0126320,GCF_000378245.1,Proteobacteria,Betaproteobacteria,Rhodocyclales,Zoogloeaceae,Azoarcus,Azoarcus toluclasticus,Trans_reg_C,GCF_000378245.1-F464_RS0126320,F464,5.144023,-17.91954
77,F464_RS0126295,GCF_000378245.1,Proteobacteria,Betaproteobacteria,Rhodocyclales,Zoogloeaceae,Azoarcus,Azoarcus toluclasticus,HTH_8,GCF_000378245.1-F464_RS0126295,F464,-6.8575487,8.745499
78,F464_RS0126105,GCF_000378245.1,Proteobacteria,Betaproteobacteria,Rhodocyclales,Zoogloeaceae,Azoarcus,Azoarcus toluclasticus,HTH_8,GCF_000378245.1-F464_RS0126105,F464,-26.584848,18.275013
79,F464_RS0125610,GCF_000378245.1,Proteobacteria,Betaproteobacteria,Rhodocyclales,Zoogloeaceae,Azoarcus,Azoarcus toluclasticus,,GCF_000378245.1-F464_RS0125610,F464,25.130209,-3.5325768
80,F464_RS0125605,GCF_000378245.1,Proteobacteria,Betaproteobacteria,Rhodocyclales,Zoogloeaceae,Azoarcus,Azoarcus toluclasticus,GerE,GCF_000378245.1-F464_RS0125605,F464,-30.157347,-11.603109
81,F464_RS0125520,GCF_000378245.1,Proteobacteria,Betaproteobacteria,Rhodocyclales,Zoogloeaceae,Azoarcus,Azoarcus toluclasticus,GerE,GCF_000378245.1-F464_RS0125520,F464,-25.328344,-7.8335013
82,F464_RS0125460,GCF_000378245.1,Proteobacteria,Betaproteobacteria,Rhodocyclales,Zoogloeaceae,Azoarcus,Azoarcus toluclasticus,Trans_reg_C,GCF_000378245.1-F464_RS0125460,F464,7.6162477,-11.647768
83,F464_RS0125240,GCF_000378245.1,Proteobacteria,Betaproteobacteria,Rhodocyclales,Zoogloeaceae,Azoarcus,Azoarcus toluclasticus,Trans_reg_C,GCF_000378245.1-F464_RS0125240,F464,6.6186056,-13.902606
84,F464_RS0125120,GCF_000378245.1,Proteobacteria,Betaproteobacteria,Rhodocyclales,Zoogloeaceae,Azoarcus,Azoarcus toluclasticus,GerE,GCF_000378245.1-F464_RS0125120,F464,-28.008358,22.201263
85,F464_RS30110,GCF_000378245.1,Proteobacteria,Betaproteobacteria,Rhodocyclales,Zoogloeaceae,Azoarcus,Azoarcus toluclasticus,,GCF_000378245.1-F464_RS30110,F464,3.256917,7.6016583
86,F464_RS0124970,GCF_000378245.1,Proteobacteria,Betaproteobacteria,Rhodocyclales,Zoogloeaceae,Azoarcus,Azoarcus toluclasticus,GerE,GCF_000378245.1-F464_RS0124970,F464,11.560444,-12.361756
87,F464_RS0124270,GCF_000378245.1,Proteobacteria,Betaproteobacteria,Rhodocyclales,Zoogloeaceae,Azoarcus,Azoarcus toluclasticus,HTH_8,GCF_000378245.1-F464_RS0124270,F464,-5.830988,5.813125
88,F464_RS0123405,GCF_000378245.1,Proteobacteria,Betaproteobacteria,Rhodocyclales,Zoogloeaceae,Azoarcus,Azoarcus toluclasticus,,GCF_000378245.1-F464_RS0123405,F464,10.42848,33.00009
89,F464_RS0123250,GCF_000378245.1,Proteobacteria,Betaproteobacteria,Rhodocyclales,Zoogloeaceae,Azoarcus,Azoarcus toluclasticus,EAL,GCF_000378245.1-F464_RS0123250,F464,-2.9439557,8.04154
90,F464_RS0122520,GCF_000378245.1,Proteobacteria,Betaproteobacteria,Rhodocyclales,Zoogloeaceae,Azoarcus,Azoarcus toluclasticus,GerE,GCF_000378245.1-F464_RS0122520,F464,-26.123672,-6.120235
91,F464_RS29345,GCF_000378245.1,Proteobacteria,Betaproteobacteria,Rhodocyclales,Zoogloeaceae,Azoarcus,Azoarcus toluclasticus,,GCF_000378245.1-F464_RS29345,F464,-17.997507,-1.0635161
92,F464_RS0122505,GCF_000378245.1,Proteobacteria,Betaproteobacteria,Rhodocyclales,Zoogloeaceae,Azoarcus,Azoarcus toluclasticus,EAL,GCF_000378245.1-F464_RS0122505,F464,6.5567536,21.611507
93,F464_RS0121885,GCF_000378245.1,Proteobacteria,Betaproteobacteria,Rhodocyclales,Zoogloeaceae,Azoarcus,Azoarcus toluclasticus,GerE,GCF_000378245.1-F464_RS0121885,F464,-25.946278,-1.390104
94,F464_RS0121745,GCF_000378245.1,Proteobacteria,Betaproteobacteria,Rhodocyclales,Zoogloeaceae,Azoarcus,Azoarcus toluclasticus,GGDEF,GCF_000378245.1-F464_RS0121745,F464,25.260662,-20.03247
95,F464_RS0121635,GCF_000378245.1,Proteobacteria,Betaproteobacteria,Rhodocyclales,Zoogloeaceae,Azoarcus,Azoarcus toluclasticus,Trans_reg_C,GCF_000378245.1-F464_RS0121635,F464,21.271147,-13.918472
96,F464_RS0121230,GCF_000378245.1,Proteobacteria,Betaproteobacteria,Rhodocyclales,Zoogloeaceae,Azoarcus,Azoarcus toluclasticus,GerE,GCF_000378245.1-F464_RS0121230,F464,-32.985283,-10.507169
97,F464_RS0120645,GCF_000378245.1,Proteobacteria,Betaproteobacteria,Rhodocyclales,Zoogloeaceae,Azoarcus,Azoarcus toluclasticus,,GCF_000378245.1-F464_RS0120645,F464,19.760487,-10.429187
98,F464_RS0119970,GCF_000378245.1,Proteobacteria,Betaproteobacteria,Rhodocyclales,Zoogloeaceae,Azoarcus,Azoarcus toluclasticus,Trans_reg_C,GCF_000378245.1-F464_RS0119970,F464,7.8445706,-11.641045
99,F464_RS0119520,GCF_000378245.1,Proteobacteria,Betaproteobacteria,Rhodocyclales,Zoogloeaceae,Azoarcus,Azoarcus toluclasticus,EAL,GCF_000378245.1-F464_RS0119520,F464,6.8065796,20.565931
100,F464_RS0119495,GCF_000378245.1,Proteobacteria,Betaproteobacteria,Rhodocyclales,Zoogloeaceae,Azoarcus,Azoarcus toluclasticus,GerE,GCF_000378245.1-F464_RS0119495,F464,-21.478088,-6.195102
101,F464_RS0117590,GCF_000378245.1,Proteobacteria,Betaproteobacteria,Rhodocyclales,Zoogloeaceae,Azoarcus,Azoarcus toluclasticus,,GCF_000378245.1-F464_RS0117590,F464,-11.493121,1.6796737
102,F464_RS0117585,GCF_000378245.1,Proteobacteria,Betaproteobacteria,Rhodocyclales,Zoogloeaceae,Azoarcus,Azoarcus toluclasticus,CheW,GCF_000378245.1-F464_RS0117585,F464,19.15339,23.201818
103,F464_RS0117580,GCF_000378245.1,Proteobacteria,Betaproteobacteria,Rhodocyclales,Zoogloeaceae,Azoarcus,Azoarcus toluclasticus,CheW,GCF_000378245.1-F464_RS0117580,F464,21.411692,25.111948
104,F464_RS0117545,GCF_000378245.1,Proteobacteria,Betaproteobacteria,Rhodocyclales,Zoogloeaceae,Azoarcus,Azoarcus toluclasticus,HDOD,GCF_000378245.1-F464_RS0117545,F464,24.364925,-9.464953
105,F464_RS0116635,GCF_000378245.1,Proteobacteria,Betaproteobacteria,Rhodocyclales,Zoogloeaceae,Azoarcus,Azoarcus toluclasticus,,GCF_000378245.1-F464_RS0116635,F464,6.498555,-9.766915
106,F464_RS0116480,GCF_000378245.1,Proteobacteria,Betaproteobacteria,Rhodocyclales,Zoogloeaceae,Azoarcus,Azoarcus toluclasticus,GGDEF,GCF_000378245.1-F464_RS0116480,F464,26.339705,9.114405
107,F464_RS0115940,GCF_000378245.1,Proteobacteria,Betaproteobacteria,Rhodocyclales,Zoogloeaceae,Azoarcus,Azoarcus toluclasticus,Trans_reg_C,GCF_000378245.1-F464_RS0115940,F464,15.547626,-8.426773
108,F464_RS28645,GCF_000378245.1,Proteobacteria,Betaproteobacteria,Rhodocyclales,Zoogloeaceae,Azoarcus,Azoarcus toluclasticus,EAL,GCF_000378245.1-F464_RS28645,F464,-3.7489777,17.82295
109,F464_RS0114560,GCF_000378245.1,Proteobacteria,Betaproteobacteria,Rhodocyclales,Zoogloeaceae,Azoarcus,Azoarcus toluclasticus,,GCF_000378245.1-F464_RS0114560,F464,9.112554,6.802757
110,F464_RS0114555,GCF_000378245.1,Proteobacteria,Betaproteobacteria,Rhodocyclales,Zoogloeaceae,Azoarcus,Azoarcus toluclasticus,,GCF_000378245.1-F464_RS0114555,F464,17.92057,-16.04409
111,F464_RS0114535,GCF_000378245.1,Proteobacteria,Betaproteobacteria,Rhodocyclales,Zoogloeaceae,Azoarcus,Azoarcus toluclasticus,GerE,GCF_000378245.1-F464_RS0114535,F464,-24.576717,27.26076
112,F464_RS0114390,GCF_000378245.1,Proteobacteria,Betaproteobacteria,Rhodocyclales,Zoogloeaceae,Azoarcus,Azoarcus toluclasticus,,GCF_000378245.1-F464_RS0114390,F464,18.097515,-1.206755
113,F464_RS28595,GCF_000378245.1,Proteobacteria,Betaproteobacteria,Rhodocyclales,Zoogloeaceae,Azoarcus,Azoarcus toluclasticus,EAL,GCF_000378245.1-F464_RS28595,F464,7.5178537,20.374336
114,F464_RS0114370,GCF_000378245.1,Proteobacteria,Betaproteobacteria,Rhodocyclales,Zoogloeaceae,Azoarcus,Azoarcus toluclasticus,CheB_methylest,GCF_000378245.1-F464_RS0114370,F464,-7.2609897,24.665545
115,F464_RS0113280,GCF_000378245.1,Proteobacteria,Betaproteobacteria,Rhodocyclales,Zoogloeaceae,Azoarcus,Azoarcus toluclasticus,GerE,GCF_000378245.1-F464_RS0113280,F464,-27.938082,25.109339
116,F464_RS0113195,GCF_000378245.1,Proteobacteria,Betaproteobacteria,Rhodocyclales,Zoogloeaceae,Azoarcus,Azoarcus toluclasticus,HTH_8,GCF_000378245.1-F464_RS0113195,F464,-13.689718,-12.769151
117,F464_RS0114325,GCF_000378245.1,Proteobacteria,Betaproteobacteria,Rhodocyclales,Zoogloeaceae,Azoarcus,Azoarcus toluclasticus,Trans_reg_C,GCF_000378245.1-F464_RS0114325,F464,1.7116833,-9.883092
118,F464_RS0114120,GCF_000378245.1,Proteobacteria,Betaproteobacteria,Rhodocyclales,Zoogloeaceae,Azoarcus,Azoarcus toluclasticus,HTH_8,GCF_000378245.1-F464_RS0114120,F464,-4.622254,-24.612228
119,F464_RS0113655,GCF_000378245.1,Proteobacteria,Betaproteobacteria,Rhodocyclales,Zoogloeaceae,Azoarcus,Azoarcus toluclasticus,GerE,GCF_000378245.1-F464_RS0113655,F464,-24.491772,-8.6409855
120,F464_RS0111700,GCF_000378245.1,Proteobacteria,Betaproteobacteria,Rhodocyclales,Zoogloeaceae,Azoarcus,Azoarcus toluclasticus,EAL,GCF_000378245.1-F464_RS0111700,F464,-11.0838,-26.614857
121,F464_RS0111695,GCF_000378245.1,Proteobacteria,Betaproteobacteria,Rhodocyclales,Zoogloeaceae,Azoarcus,Azoarcus toluclasticus,,GCF_000378245.1-F464_RS0111695,F464,10.993993,31.261974
122,F464_RS0111625,GCF_000378245.1,Proteobacteria,Betaproteobacteria,Rhodocyclales,Zoogloeaceae,Azoarcus,Azoarcus toluclasticus,Trans_reg_C,GCF_000378245.1-F464_RS0111625,F464,17.69593,-8.116877
123,F464_RS0111195,GCF_000378245.1,Proteobacteria,Betaproteobacteria,Rhodocyclales,Zoogloeaceae,Azoarcus,Azoarcus toluclasticus,,GCF_000378245.1-F464_RS0111195,F464,13.391979,17.556034
124,F464_RS0111190,GCF_000378245.1,Proteobacteria,Betaproteobacteria,Rhodocyclales,Zoogloeaceae,Azoarcus,Azoarcus toluclasticus,EAL,GCF_000378245.1-F464_RS0111190,F464,16.894127,6.5961385
125,F464_RS0111075,GCF_000378245.1,Proteobacteria,Betaproteobacteria,Rhodocyclales,Zoogloeaceae,Azoarcus,Azoarcus toluclasticus,GerE,GCF_000378245.1-F464_RS0111075,F464,-23.884836,-5.324658
126,F464_RS0110980,GCF_000378245.1,Proteobacteria,Betaproteobacteria,Rhodocyclales,Zoogloeaceae,Azoarcus,Azoarcus toluclasticus,HTH_8,GCF_000378245.1-F464_RS0110980,F464,-9.980613,-17.458593
127,F464_RS0110580,GCF_000378245.1,Proteobacteria,Betaproteobacteria,Rhodocyclales,Zoogloeaceae,Azoarcus,Azoarcus toluclasticus,GerE,GCF_000378245.1-F464_RS0110580,F464,-31.477468,25.362247
128,F464_RS28130,GCF_000378245.1,Proteobacteria,Betaproteobacteria,Rhodocyclales,Zoogloeaceae,Azoarcus,Azoarcus toluclasticus,EAL,GCF_000378245.1-F464_RS28130,F464,-2.666367,18.336159
129,F464_RS28125,GCF_000378245.1,Proteobacteria,Betaproteobacteria,Rhodocyclales,Zoogloeaceae,Azoarcus,Azoarcus toluclasticus,CheB_methylest,GCF_000378245.1-F464_RS28125,F464,-7.4153953,28.165108
130,F464_RS0109295,GCF_000378245.1,Proteobacteria,Betaproteobacteria,Rhodocyclales,Zoogloeaceae,Azoarcus,Azoarcus toluclasticus,GerE,GCF_000378245.1-F464_RS0109295,F464,-24.683249,27.100683
131,F464_RS28115,GCF_000378245.1,Proteobacteria,Betaproteobacteria,Rhodocyclales,Zoogloeaceae,Azoarcus,Azoarcus toluclasticus,EAL,GCF_000378245.1-F464_RS28115,F464,-3.2940338,18.109697
132,F464_RS0109260,GCF_000378245.1,Proteobacteria,Betaproteobacteria,Rhodocyclales,Zoogloeaceae,Azoarcus,Azoarcus toluclasticus,,GCF_000378245.1-F464_RS0109260,F464,-1.7267021,18.087288
133,F464_RS0109245,GCF_000378245.1,Proteobacteria,Betaproteobacteria,Rhodocyclales,Zoogloeaceae,Azoarcus,Azoarcus toluclasticus,,GCF_000378245.1-F464_RS0109245,F464,-0.7335925,14.770702
134,F464_RS0109240,GCF_000378245.1,Proteobacteria,Betaproteobacteria,Rhodocyclales,Zoogloeaceae,Azoarcus,Azoarcus toluclasticus,HDOD,GCF_000378245.1-F464_RS0109240,F464,0.20051815,18.875063
135,F464_RS0109190,GCF_000378245.1,Proteobacteria,Betaproteobacteria,Rhodocyclales,Zoogloeaceae,Azoarcus,Azoarcus toluclasticus,Trans_reg_C,GCF_000378245.1-F464_RS0109190,F464,21.249886,-13.953547
136,F464_RS0108925,GCF_000378245.1,Proteobacteria,Betaproteobacteria,Rhodocyclales,Zoogloeaceae,Azoarcus,Azoarcus toluclasticus,HTH_8,GCF_000378245.1-F464_RS0108925,F464,4.300145,-3.261202
137,F464_RS0108820,GCF_000378245.1,Proteobacteria,Betaproteobacteria,Rhodocyclales,Zoogloeaceae,Azoarcus,Azoarcus toluclasticus,GerE,GCF_000378245.1-F464_RS0108820,F464,-23.411419,-1.1908724
138,F464_RS0108620,GCF_000378245.1,Proteobacteria,Betaproteobacteria,Rhodocyclales,Zoogloeaceae,Azoarcus,Azoarcus toluclasticus,,GCF_000378245.1-F464_RS0108620,F464,7.554584,-18.809572
139,F464_RS0108550,GCF_000378245.1,Proteobacteria,Betaproteobacteria,Rhodocyclales,Zoogloeaceae,Azoarcus,Azoarcus toluclasticus,HTH_8,GCF_000378245.1-F464_RS0108550,F464,-10.270665,-17.439074
140,F464_RS0108325,GCF_000378245.1,Proteobacteria,Betaproteobacteria,Rhodocyclales,Zoogloeaceae,Azoarcus,Azoarcus toluclasticus,HD,GCF_000378245.1-F464_RS0108325,F464,12.086359,3.0493014
141,F464_RS0108295,GCF_000378245.1,Proteobacteria,Betaproteobacteria,Rhodocyclales,Zoogloeaceae,Azoarcus,Azoarcus toluclasticus,GerE,GCF_000378245.1-F464_RS0108295,F464,-29.954012,23.340044
142,F464_RS0108165,GCF_000378245.1,Proteobacteria,Betaproteobacteria,Rhodocyclales,Zoogloeaceae,Azoarcus,Azoarcus toluclasticus,Trans_reg_C,GCF_000378245.1-F464_RS0108165,F464,15.941911,-15.531486
143,F464_RS0108075,GCF_000378245.1,Proteobacteria,Betaproteobacteria,Rhodocyclales,Zoogloeaceae,Azoarcus,Azoarcus toluclasticus,HTH_8,GCF_000378245.1-F464_RS0108075,F464,-4.8479524,-23.86338
144,F464_RS0107895,GCF_000378245.1,Proteobacteria,Betaproteobacteria,Rhodocyclales,Zoogloeaceae,Azoarcus,Azoarcus toluclasticus,HTH_8,GCF_000378245.1-F464_RS0107895,F464,-13.023792,11.420759
145,F464_RS0107770,GCF_000378245.1,Proteobacteria,Betaproteobacteria,Rhodocyclales,Zoogloeaceae,Azoarcus,Azoarcus toluclasticus,EAL,GCF_000378245.1-F464_RS0107770,F464,9.689568,-23.68306
146,F464_RS0107765,GCF_000378245.1,Proteobacteria,Betaproteobacteria,Rhodocyclales,Zoogloeaceae,Azoarcus,Azoarcus toluclasticus,,GCF_000378245.1-F464_RS0107765,F464,9.496603,31.503645
147,F464_RS0107610,GCF_000378245.1,Proteobacteria,Betaproteobacteria,Rhodocyclales,Zoogloeaceae,Azoarcus,Azoarcus toluclasticus,HTH_8,GCF_000378245.1-F464_RS0107610,F464,-20.921349,20.935463
148,F464_RS0106695,GCF_000378245.1,Proteobacteria,Betaproteobacteria,Rhodocyclales,Zoogloeaceae,Azoarcus,Azoarcus toluclasticus,ANTAR,GCF_000378245.1-F464_RS0106695,F464,25.056606,16.024187
149,F464_RS0106460,GCF_000378245.1,Proteobacteria,Betaproteobacteria,Rhodocyclales,Zoogloeaceae,Azoarcus,Azoarcus toluclasticus,TPR_16,GCF_000378245.1-F464_RS0106460,F464,33.43049,-0.028429482
150,F464_RS0105855,GCF_000378245.1,Proteobacteria,Betaproteobacteria,Rhodocyclales,Zoogloeaceae,Azoarcus,Azoarcus toluclasticus,Trans_reg_C,GCF_000378245.1-F464_RS0105855,F464,2.8248105,-13.299643
151,F464_RS0105835,GCF_000378245.1,Proteobacteria,Betaproteobacteria,Rhodocyclales,Zoogloeaceae,Azoarcus,Azoarcus toluclasticus,Trans_reg_C,GCF_000378245.1-F464_RS0105835,F464,8.804155,-15.513966
152,F464_RS0105635,GCF_000378245.1,Proteobacteria,Betaproteobacteria,Rhodocyclales,Zoogloeaceae,Azoarcus,Azoarcus toluclasticus,Sigma54_activat,GCF_000378245.1-F464_RS0105635,F464,-2.916969,3.872263
153,F464_RS0104665,GCF_000378245.1,Proteobacteria,Betaproteobacteria,Rhodocyclales,Zoogloeaceae,Azoarcus,Azoarcus toluclasticus,Trans_reg_C,GCF_000378245.1-F464_RS0104665,F464,6.7192354,-11.411532
154,F464_RS0103875,GCF_000378245.1,Proteobacteria,Betaproteobacteria,Rhodocyclales,Zoogloeaceae,Azoarcus,Azoarcus toluclasticus,,GCF_000378245.1-F464_RS0103875,F464,-11.444637,-6.272601
155,F464_RS0103870,GCF_000378245.1,Proteobacteria,Betaproteobacteria,Rhodocyclales,Zoogloeaceae,Azoarcus,Azoarcus toluclasticus,,GCF_000378245.1-F464_RS0103870,F464,-13.681366,-5.9208665
156,F464_RS0103845,GCF_000378245.1,Proteobacteria,Betaproteobacteria,Rhodocyclales,Zoogloeaceae,Azoarcus,Azoarcus toluclasticus,CheB_methylest,GCF_000378245.1-F464_RS0103845,F464,-12.073696,27.983114
157,F464_RS0103485,GCF_000378245.1,Proteobacteria,Betaproteobacteria,Rhodocyclales,Zoogloeaceae,Azoarcus,Azoarcus toluclasticus,,GCF_000378245.1-F464_RS0103485,F464,0.7811519,16.527117
158,F464_RS0102995,GCF_000378245.1,Proteobacteria,Betaproteobacteria,Rhodocyclales,Zoogloeaceae,Azoarcus,Azoarcus toluclasticus,Trans_reg_C,GCF_000378245.1-F464_RS0102995,F464,5.0766363,-11.685873
159,F464_RS0102975,GCF_000378245.1,Proteobacteria,Betaproteobacteria,Rhodocyclales,Zoogloeaceae,Azoarcus,Azoarcus toluclasticus,Trans_reg_C,GCF_000378245.1-F464_RS0102975,F464,3.0964262,-20.610662
160,F464_RS0102325,GCF_000378245.1,Proteobacteria,Betaproteobacteria,Rhodocyclales,Zoogloeaceae,Azoarcus,Azoarcus toluclasticus,LytTR,GCF_000378245.1-F464_RS0102325,F464,-20.7536,9.316914
161,F464_RS0102275,GCF_000378245.1,Proteobacteria,Betaproteobacteria,Rhodocyclales,Zoogloeaceae,Azoarcus,Azoarcus toluclasticus,Trans_reg_C,GCF_000378245.1-F464_RS0102275,F464,2.1104019,-17.546486
162,F464_RS0102190,GCF_000378245.1,Proteobacteria,Betaproteobacteria,Rhodocyclales,Zoogloeaceae,Azoarcus,Azoarcus toluclasticus,EAL,GCF_000378245.1-F464_RS0102190,F464,-24.376724,-23.857801
163,F464_RS0102095,GCF_000378245.1,Proteobacteria,Betaproteobacteria,Rhodocyclales,Zoogloeaceae,Azoarcus,Azoarcus toluclasticus,,GCF_000378245.1-F464_RS0102095,F464,-11.703099,16.994411
164,F464_RS0101375,GCF_000378245.1,Proteobacteria,Betaproteobacteria,Rhodocyclales,Zoogloeaceae,Azoarcus,Azoarcus toluclasticus,,GCF_000378245.1-F464_RS0101375,F464,2.7045772,5.835635
165,F464_RS0101370,GCF_000378245.1,Proteobacteria,Betaproteobacteria,Rhodocyclales,Zoogloeaceae,Azoarcus,Azoarcus toluclasticus,,GCF_000378245.1-F464_RS0101370,F464,20.367245,3.358514
166,F464_RS0100985,GCF_000378245.1,Proteobacteria,Betaproteobacteria,Rhodocyclales,Zoogloeaceae,Azoarcus,Azoarcus toluclasticus,Trans_reg_C,GCF_000378245.1-F464_RS0100985,F464,6.532235,-14.246489
167,F464_RS0100935,GCF_000378245.1,Proteobacteria,Betaproteobacteria,Rhodocyclales,Zoogloeaceae,Azoarcus,Azoarcus toluclasticus,HTH_8,GCF_000378245.1-F464_RS0100935,F464,-7.6228256,-12.97017
168,F464_RS0100495,GCF_000378245.1,Proteobacteria,Betaproteobacteria,Rhodocyclales,Zoogloeaceae,Azoarcus,Azoarcus toluclasticus,GerE,GCF_000378245.1-F464_RS0100495,F464,-29.701696,2.3193042
169,F464_RS0100410,GCF_000378245.1,Proteobacteria,Betaproteobacteria,Rhodocyclales,Zoogloeaceae,Azoarcus,Azoarcus toluclasticus,GerE,GCF_000378245.1-F464_RS0100410,F464,-28.281553,-7.415468
170,F464_RS0100370,GCF_000378245.1,Proteobacteria,Betaproteobacteria,Rhodocyclales,Zoogloeaceae,Azoarcus,Azoarcus toluclasticus,Trans_reg_C,GCF_000378245.1-F464_RS0100370,F464,8.748052,-7.9957814
171,F464_RS0100275,GCF_000378245.1,Proteobacteria,Betaproteobacteria,Rhodocyclales,Zoogloeaceae,Azoarcus,Azoarcus toluclasticus,GerE,GCF_000378245.1-F464_RS0100275,F464,-35.31237,-10.473811
172,F464_RS0100255,GCF_000378245.1,Proteobacteria,Betaproteobacteria,Rhodocyclales,Zoogloeaceae,Azoarcus,Azoarcus toluclasticus,,GCF_000378245.1-F464_RS0100255,F464,-36.084442,-10.459997
173,F464_RS0101990,GCF_000378245.1,Proteobacteria,Betaproteobacteria,Rhodocyclales,Zoogloeaceae,Azoarcus,Azoarcus toluclasticus,GerE,GCF_000378245.1-F464_RS0101990,F464,-28.419804,26.509398
174,F464_RS0100170,GCF_000378245.1,Proteobacteria,Betaproteobacteria,Rhodocyclales,Zoogloeaceae,Azoarcus,Azoarcus toluclasticus,CbiA,GCF_000378245.1-F464_RS0100170,F464,-0.47955742,1.427471
175,NMUL_RS12575,GCF_000196355.1,Proteobacteria,Betaproteobacteria,Nitrosomonadales,Nitrosomonadaceae,Nitrosospira,Nitrosospira multiformis,,GCF_000196355.1-NMUL_RS12575,NMUL,-13.815618,4.888421
176,NMUL_RS12425,GCF_000196355.1,Proteobacteria,Betaproteobacteria,Nitrosomonadales,Nitrosomonadaceae,Nitrosospira,Nitrosospira multiformis,,GCF_000196355.1-NMUL_RS12425,NMUL,11.455896,26.339851
177,NMUL_RS11980,GCF_000196355.1,Proteobacteria,Betaproteobacteria,Nitrosomonadales,Nitrosomonadaceae,Nitrosospira,Nitrosospira multiformis,,GCF_000196355.1-NMUL_RS11980,NMUL,9.60715,31.762564
178,NMUL_RS15030,GCF_000196355.1,Proteobacteria,Betaproteobacteria,Nitrosomonadales,Nitrosomonadaceae,Nitrosospira,Nitrosospira multiformis,EAL,GCF_000196355.1-NMUL_RS15030,NMUL,12.751866,-21.176136
179,NMUL_RS10655,GCF_000196355.1,Proteobacteria,Betaproteobacteria,Nitrosomonadales,Nitrosomonadaceae,Nitrosospira,Nitrosospira multiformis,,GCF_000196355.1-NMUL_RS10655,NMUL,5.877522,13.240607
180,NMUL_RS14030,GCF_000196355.1,Proteobacteria,Betaproteobacteria,Nitrosomonadales,Nitrosomonadaceae,Nitrosospira,Nitrosospira multiformis,GGDEF,GCF_000196355.1-NMUL_RS14030,NMUL,20.851862,-7.1793356
181,NMUL_RS13935,GCF_000196355.1,Proteobacteria,Betaproteobacteria,Nitrosomonadales,Nitrosomonadaceae,Nitrosospira,Nitrosospira multiformis,GerE,GCF_000196355.1-NMUL_RS13935,NMUL,-0.49568444,-6.8502746
182,NMUL_RS13920,GCF_000196355.1,Proteobacteria,Betaproteobacteria,Nitrosomonadales,Nitrosomonadaceae,Nitrosospira,Nitrosospira multiformis,HTH_8,GCF_000196355.1-NMUL_RS13920,NMUL,-14.272116,-20.564045
183,NMUL_RS11640,GCF_000196355.1,Proteobacteria,Betaproteobacteria,Nitrosomonadales,Nitrosomonadaceae,Nitrosospira,Nitrosospira multiformis,Trans_reg_C,GCF_000196355.1-NMUL_RS11640,NMUL,15.340232,-16.283525
184,NMUL_RS09755,GCF_000196355.1,Proteobacteria,Betaproteobacteria,Nitrosomonadales,Nitrosomonadaceae,Nitrosospira,Nitrosospira multiformis,,GCF_000196355.1-NMUL_RS09755,NMUL,16.422516,12.434368
185,NMUL_RS09750,GCF_000196355.1,Proteobacteria,Betaproteobacteria,Nitrosomonadales,Nitrosomonadaceae,Nitrosospira,Nitrosospira multiformis,GGDEF,GCF_000196355.1-NMUL_RS09750,NMUL,16.72882,11.637614
186,NMUL_RS08155,GCF_000196355.1,Proteobacteria,Betaproteobacteria,Nitrosomonadales,Nitrosomonadaceae,Nitrosospira,Nitrosospira multiformis,EAL,GCF_000196355.1-NMUL_RS08155,NMUL,6.529121,20.003857
187,NMUL_RS07035,GCF_000196355.1,Proteobacteria,Betaproteobacteria,Nitrosomonadales,Nitrosomonadaceae,Nitrosospira,Nitrosospira multiformis,GerE,GCF_000196355.1-NMUL_RS07035,NMUL,-27.26749,-8.467277
188,NMUL_RS06780,GCF_000196355.1,Proteobacteria,Betaproteobacteria,Nitrosomonadales,Nitrosomonadaceae,Nitrosospira,Nitrosospira multiformis,,GCF_000196355.1-NMUL_RS06780,NMUL,11.882733,26.579824
189,NMUL_RS06735,GCF_000196355.1,Proteobacteria,Betaproteobacteria,Nitrosomonadales,Nitrosomonadaceae,Nitrosospira,Nitrosospira multiformis,,GCF_000196355.1-NMUL_RS06735,NMUL,-37.08631,-10.297197
190,NMUL_RS06480,GCF_000196355.1,Proteobacteria,Betaproteobacteria,Nitrosomonadales,Nitrosomonadaceae,Nitrosospira,Nitrosospira multiformis,GerE,GCF_000196355.1-NMUL_RS06480,NMUL,-29.779362,-7.315332
191,NMUL_RS06105,GCF_000196355.1,Proteobacteria,Betaproteobacteria,Nitrosomonadales,Nitrosomonadaceae,Nitrosospira,Nitrosospira multiformis,HTH_8,GCF_000196355.1-NMUL_RS06105,NMUL,-2.1713214,3.4879472
192,NMUL_RS05990,GCF_000196355.1,Proteobacteria,Betaproteobacteria,Nitrosomonadales,Nitrosomonadaceae,Nitrosospira,Nitrosospira multiformis,EAL,GCF_000196355.1-NMUL_RS05990,NMUL,15.787298,13.2428055
193,NMUL_RS04390,GCF_000196355.1,Proteobacteria,Betaproteobacteria,Nitrosomonadales,Nitrosomonadaceae,Nitrosospira,Nitrosospira multiformis,,GCF_000196355.1-NMUL_RS04390,NMUL,5.637122,12.964979
194,NMUL_RS04360,GCF_000196355.1,Proteobacteria,Betaproteobacteria,Nitrosomonadales,Nitrosomonadaceae,Nitrosospira,Nitrosospira multiformis,,GCF_000196355.1-NMUL_RS04360,NMUL,6.691698,14.0714445
195,NMUL_RS03850,GCF_000196355.1,Proteobacteria,Betaproteobacteria,Nitrosomonadales,Nitrosomonadaceae,Nitrosospira,Nitrosospira multiformis,GerE,GCF_000196355.1-NMUL_RS03850,NMUL,-31.691628,-7.5796595
196,NMUL_RS03725,GCF_000196355.1,Proteobacteria,Betaproteobacteria,Nitrosomonadales,Nitrosomonadaceae,Nitrosospira,Nitrosospira multiformis,Trans_reg_C,GCF_000196355.1-NMUL_RS03725,NMUL,9.235689,-16.247581
197,NMUL_RS02875,GCF_000196355.1,Proteobacteria,Betaproteobacteria,Nitrosomonadales,Nitrosomonadaceae,Nitrosospira,Nitrosospira multiformis,,GCF_000196355.1-NMUL_RS02875,NMUL,-7.24142,0.058909193
198,NMUL_RS14820,GCF_000196355.1,Proteobacteria,Betaproteobacteria,Nitrosomonadales,Nitrosomonadaceae,Nitrosospira,Nitrosospira multiformis,,GCF_000196355.1-NMUL_RS14820,NMUL,-1.6844454,-12.880576
199,NMUL_RS02045,GCF_000196355.1,Proteobacteria,Betaproteobacteria,Nitrosomonadales,Nitrosomonadaceae,Nitrosospira,Nitrosospira multiformis,HTH_8,GCF_000196355.1-NMUL_RS02045,NMUL,-6.8428454,7.8018107
200,NMUL_RS00855,GCF_000196355.1,Proteobacteria,Betaproteobacteria,Nitrosomonadales,Nitrosomonadaceae,Nitrosospira,Nitrosospira multiformis,,GCF_000196355.1-NMUL_RS00855,NMUL,11.464519,25.945395
201,NMUL_RS01770,GCF_000196355.1,Proteobacteria,Betaproteobacteria,Nitrosomonadales,Nitrosomonadaceae,Nitrosospira,Nitrosospira multiformis,EAL,GCF_000196355.1-NMUL_RS01770,NMUL,17.684185,2.8918483
202,NMUL_RS01765,GCF_000196355.1,Proteobacteria,Betaproteobacteria,Nitrosomonadales,Nitrosomonadaceae,Nitrosospira,Nitrosospira multiformis,CheB_methylest,GCF_000196355.1-NMUL_RS01765,NMUL,-7.0256515,25.258718
203,NMUL_RS00035,GCF_000196355.1,Proteobacteria,Betaproteobacteria,Nitrosomonadales,Nitrosomonadaceae,Nitrosospira,Nitrosospira multiformis,HTH_8,GCF_000196355.1-NMUL_RS00035,NMUL,-33.698296,10.89519
204,Q320_RS0109715,GCF_000620145.1,Proteobacteria,Betaproteobacteria,Neisseriales,Chromobacteriaceae,Deefgea,Deefgea rivuli,Trans_reg_C,GCF_000620145.1-Q320_RS0109715,Q320,16.360657,-15.945854
205,Q320_RS0109145,GCF_000620145.1,Proteobacteria,Betaproteobacteria,Neisseriales,Chromobacteriaceae,Deefgea,Deefgea rivuli,Trans_reg_C,GCF_000620145.1-Q320_RS0109145,Q320,0.7341104,-9.937299
206,Q320_RS0108845,GCF_000620145.1,Proteobacteria,Betaproteobacteria,Neisseriales,Chromobacteriaceae,Deefgea,Deefgea rivuli,Trans_reg_C,GCF_000620145.1-Q320_RS0108845,Q320,17.452587,-18.837122
207,Q320_RS0108670,GCF_000620145.1,Proteobacteria,Betaproteobacteria,Neisseriales,Chromobacteriaceae,Deefgea,Deefgea rivuli,EAL,GCF_000620145.1-Q320_RS0108670,Q320,-24.863525,-23.848598
208,Q320_RS0107935,GCF_000620145.1,Proteobacteria,Betaproteobacteria,Neisseriales,Chromobacteriaceae,Deefgea,Deefgea rivuli,LytTR,GCF_000620145.1-Q320_RS0107935,Q320,-21.684679,9.856475
209,Q320_RS0107685,GCF_000620145.1,Proteobacteria,Betaproteobacteria,Neisseriales,Chromobacteriaceae,Deefgea,Deefgea rivuli,Trans_reg_C,GCF_000620145.1-Q320_RS0107685,Q320,8.686728,-8.829439
210,Q320_RS0107585,GCF_000620145.1,Proteobacteria,Betaproteobacteria,Neisseriales,Chromobacteriaceae,Deefgea,Deefgea rivuli,Trans_reg_C,GCF_000620145.1-Q320_RS0107585,Q320,2.0334322,-24.635555
211,Q320_RS0106865,GCF_000620145.1,Proteobacteria,Betaproteobacteria,Neisseriales,Chromobacteriaceae,Deefgea,Deefgea rivuli,,GCF_000620145.1-Q320_RS0106865,Q320,17.124048,12.924897
212,Q320_RS0106705,GCF_000620145.1,Proteobacteria,Betaproteobacteria,Neisseriales,Chromobacteriaceae,Deefgea,Deefgea rivuli,HD,GCF_000620145.1-Q320_RS0106705,Q320,-25.04443,-24.972034
213,Q320_RS0107035,GCF_000620145.1,Proteobacteria,Betaproteobacteria,Neisseriales,Chromobacteriaceae,Deefgea,Deefgea rivuli,GGDEF,GCF_000620145.1-Q320_RS0107035,Q320,12.049901,5.6943398
214,Q320_RS21225,GCF_000620145.1,Proteobacteria,Betaproteobacteria,Neisseriales,Chromobacteriaceae,Deefgea,Deefgea rivuli,,GCF_000620145.1-Q320_RS21225,Q320,-8.690974,2.1952589
215,Q320_RS0106260,GCF_000620145.1,Proteobacteria,Betaproteobacteria,Neisseriales,Chromobacteriaceae,Deefgea,Deefgea rivuli,,GCF_000620145.1-Q320_RS0106260,Q320,20.666813,4.1881914
216,Q320_RS0106255,GCF_000620145.1,Proteobacteria,Betaproteobacteria,Neisseriales,Chromobacteriaceae,Deefgea,Deefgea rivuli,,GCF_000620145.1-Q320_RS0106255,Q320,2.6370685,5.429227
217,Q320_RS0117505,GCF_000620145.1,Proteobacteria,Betaproteobacteria,Neisseriales,Chromobacteriaceae,Deefgea,Deefgea rivuli,Trans_reg_C,GCF_000620145.1-Q320_RS0117505,Q320,16.808117,-23.779373
218,Q320_RS0117340,GCF_000620145.1,Proteobacteria,Betaproteobacteria,Neisseriales,Chromobacteriaceae,Deefgea,Deefgea rivuli,HTH_8,GCF_000620145.1-Q320_RS0117340,Q320,-6.9742355,-12.079802
219,Q320_RS0117250,GCF_000620145.1,Proteobacteria,Betaproteobacteria,Neisseriales,Chromobacteriaceae,Deefgea,Deefgea rivuli,,GCF_000620145.1-Q320_RS0117250,Q320,34.352825,0.3870214
220,Q320_RS0117190,GCF_000620145.1,Proteobacteria,Betaproteobacteria,Neisseriales,Chromobacteriaceae,Deefgea,Deefgea rivuli,GerE,GCF_000620145.1-Q320_RS0117190,Q320,-28.594282,26.422136
221,Q320_RS18565,GCF_000620145.1,Proteobacteria,Betaproteobacteria,Neisseriales,Chromobacteriaceae,Deefgea,Deefgea rivuli,GGDEF,GCF_000620145.1-Q320_RS18565,Q320,-6.4843545,12.205439
222,Q320_RS0105220,GCF_000620145.1,Proteobacteria,Betaproteobacteria,Neisseriales,Chromobacteriaceae,Deefgea,Deefgea rivuli,TPR_16,GCF_000620145.1-Q320_RS0105220,Q320,32.16276,0.8740102
223,Q320_RS0104295,GCF_000620145.1,Proteobacteria,Betaproteobacteria,Neisseriales,Chromobacteriaceae,Deefgea,Deefgea rivuli,LytTR,GCF_000620145.1-Q320_RS0104295,Q320,-19.479345,13.49398
224,Q320_RS0104120,GCF_000620145.1,Proteobacteria,Betaproteobacteria,Neisseriales,Chromobacteriaceae,Deefgea,Deefgea rivuli,GerE,GCF_000620145.1-Q320_RS0104120,Q320,-29.631739,25.1651
225,Q320_RS0103460,GCF_000620145.1,Proteobacteria,Betaproteobacteria,Neisseriales,Chromobacteriaceae,Deefgea,Deefgea rivuli,HTH_8,GCF_000620145.1-Q320_RS0103460,Q320,-6.52357,10.272064
226,Q320_RS0103270,GCF_000620145.1,Proteobacteria,Betaproteobacteria,Neisseriales,Chromobacteriaceae,Deefgea,Deefgea rivuli,,GCF_000620145.1-Q320_RS0103270,Q320,-15.157888,-3.5670178
227,Q320_RS0103110,GCF_000620145.1,Proteobacteria,Betaproteobacteria,Neisseriales,Chromobacteriaceae,Deefgea,Deefgea rivuli,,GCF_000620145.1-Q320_RS0103110,Q320,1.8613347,-5.910801
228,Q320_RS0103010,GCF_000620145.1,Proteobacteria,Betaproteobacteria,Neisseriales,Chromobacteriaceae,Deefgea,Deefgea rivuli,,GCF_000620145.1-Q320_RS0103010,Q320,-13.2168255,0.56930876
229,Q320_RS18395,GCF_000620145.1,Proteobacteria,Betaproteobacteria,Neisseriales,Chromobacteriaceae,Deefgea,Deefgea rivuli,GGDEF,GCF_000620145.1-Q320_RS18395,Q320,26.347157,9.109451
230,Q320_RS0115675,GCF_000620145.1,Proteobacteria,Betaproteobacteria,Neisseriales,Chromobacteriaceae,Deefgea,Deefgea rivuli,Trans_reg_C,GCF_000620145.1-Q320_RS0115675,Q320,9.323006,-17.212578
231,Q320_RS0115205,GCF_000620145.1,Proteobacteria,Betaproteobacteria,Neisseriales,Chromobacteriaceae,Deefgea,Deefgea rivuli,Trans_reg_C,GCF_000620145.1-Q320_RS0115205,Q320,0.8122074,-21.251057
232,Q320_RS0116395,GCF_000620145.1,Proteobacteria,Betaproteobacteria,Neisseriales,Chromobacteriaceae,Deefgea,Deefgea rivuli,,GCF_000620145.1-Q320_RS0116395,Q320,1.1021432,25.696838
233,Q320_RS0116355,GCF_000620145.1,Proteobacteria,Betaproteobacteria,Neisseriales,Chromobacteriaceae,Deefgea,Deefgea rivuli,CheB_methylest,GCF_000620145.1-Q320_RS0116355,Q320,-11.35614,31.4091
234,Q320_RS0116350,GCF_000620145.1,Proteobacteria,Betaproteobacteria,Neisseriales,Chromobacteriaceae,Deefgea,Deefgea rivuli,EAL,GCF_000620145.1-Q320_RS0116350,Q320,-10.323357,17.523247
235,Q320_RS0101240,GCF_000620145.1,Proteobacteria,Betaproteobacteria,Neisseriales,Chromobacteriaceae,Deefgea,Deefgea rivuli,EAL,GCF_000620145.1-Q320_RS0101240,Q320,11.257751,7.7796335
236,Q320_RS0102510,GCF_000620145.1,Proteobacteria,Betaproteobacteria,Neisseriales,Chromobacteriaceae,Deefgea,Deefgea rivuli,HD,GCF_000620145.1-Q320_RS0102510,Q320,11.958669,2.6572764
237,Q320_RS0102040,GCF_000620145.1,Proteobacteria,Betaproteobacteria,Neisseriales,Chromobacteriaceae,Deefgea,Deefgea rivuli,Trans_reg_C,GCF_000620145.1-Q320_RS0102040,Q320,-0.8290152,-17.98744
238,Q320_RS0100170,GCF_000620145.1,Proteobacteria,Betaproteobacteria,Neisseriales,Chromobacteriaceae,Deefgea,Deefgea rivuli,LytTR,GCF_000620145.1-Q320_RS0100170,Q320,-17.79611,9.640045
239,Q320_RS0100080,GCF_000620145.1,Proteobacteria,Betaproteobacteria,Neisseriales,Chromobacteriaceae,Deefgea,Deefgea rivuli,Trans_reg_C,GCF_000620145.1-Q320_RS0100080,Q320,5.302522,-13.26
240,Q320_RS0112570,GCF_000620145.1,Proteobacteria,Betaproteobacteria,Neisseriales,Chromobacteriaceae,Deefgea,Deefgea rivuli,Trans_reg_C,GCF_000620145.1-Q320_RS0112570,Q320,1.8591057,-13.802228
241,Q320_RS0112260,GCF_000620145.1,Proteobacteria,Betaproteobacteria,Neisseriales,Chromobacteriaceae,Deefgea,Deefgea rivuli,,GCF_000620145.1-Q320_RS0112260,Q320,-11.458681,0.5742459
242,Q320_RS0112255,GCF_000620145.1,Proteobacteria,Betaproteobacteria,Neisseriales,Chromobacteriaceae,Deefgea,Deefgea rivuli,CheW,GCF_000620145.1-Q320_RS0112255,Q320,20.440475,22.75973
243,Q320_RS0112250,GCF_000620145.1,Proteobacteria,Betaproteobacteria,Neisseriales,Chromobacteriaceae,Deefgea,Deefgea rivuli,CheW,GCF_000620145.1-Q320_RS0112250,Q320,22.16495,24.247139
244,Q320_RS0112225,GCF_000620145.1,Proteobacteria,Betaproteobacteria,Neisseriales,Chromobacteriaceae,Deefgea,Deefgea rivuli,,GCF_000620145.1-Q320_RS0112225,Q320,-12.219923,-5.014507
245,Q320_RS0112195,GCF_000620145.1,Proteobacteria,Betaproteobacteria,Neisseriales,Chromobacteriaceae,Deefgea,Deefgea rivuli,CheB_methylest,GCF_000620145.1-Q320_RS0112195,Q320,-10.431793,27.124502
246,Q320_RS0112190,GCF_000620145.1,Proteobacteria,Betaproteobacteria,Neisseriales,Chromobacteriaceae,Deefgea,Deefgea rivuli,HTH_8,GCF_000620145.1-Q320_RS0112190,Q320,-13.926734,-12.059438
247,Q320_RS0111025,GCF_000620145.1,Proteobacteria,Betaproteobacteria,Neisseriales,Chromobacteriaceae,Deefgea,Deefgea rivuli,GGDEF,GCF_000620145.1-Q320_RS0111025,Q320,12.4395685,6.458702
248,Q320_RS0110495,GCF_000620145.1,Proteobacteria,Betaproteobacteria,Neisseriales,Chromobacteriaceae,Deefgea,Deefgea rivuli,HTH_8,GCF_000620145.1-Q320_RS0110495,Q320,-21.820848,20.767996
249,Q320_RS0110315,GCF_000620145.1,Proteobacteria,Betaproteobacteria,Neisseriales,Chromobacteriaceae,Deefgea,Deefgea rivuli,Trans_reg_C,GCF_000620145.1-Q320_RS0110315,Q320,16.810648,-6.504662
250,Q320_RS0111535,GCF_000620145.1,Proteobacteria,Betaproteobacteria,Neisseriales,Chromobacteriaceae,Deefgea,Deefgea rivuli,GerE,GCF_000620145.1-Q320_RS0111535,Q320,-22.986774,-1.5609653
251,HMPREF9021_RS08915,GCF_000163775.2,Proteobacteria,Betaproteobacteria,Neisseriales,Neisseriaceae,Simonsiella,Simonsiella muelleri,Trans_reg_C,GCF_000163775.2-HMPREF9021_RS08915,HMPREF9021,15.508323,-14.312956
252,HMPREF9021_RS07820,GCF_000163775.2,Proteobacteria,Betaproteobacteria,Neisseriales,Neisseriaceae,Simonsiella,Simonsiella muelleri,HTH_8,GCF_000163775.2-HMPREF9021_RS07820,HMPREF9021,-6.872085,9.551812
253,HMPREF9021_RS07560,GCF_000163775.2,Proteobacteria,Betaproteobacteria,Neisseriales,Neisseriaceae,Simonsiella,Simonsiella muelleri,Trans_reg_C,GCF_000163775.2-HMPREF9021_RS07560,HMPREF9021,-0.28073606,-20.648941
254,HMPREF9021_RS03250,GCF_000163775.2,Proteobacteria,Betaproteobacteria,Neisseriales,Neisseriaceae,Simonsiella,Simonsiella muelleri,Trans_reg_C,GCF_000163775.2-HMPREF9021_RS03250,HMPREF9021,18.431282,-6.6199775
255,HMPREF9021_RS02845,GCF_000163775.2,Proteobacteria,Betaproteobacteria,Neisseriales,Neisseriaceae,Simonsiella,Simonsiella muelleri,,GCF_000163775.2-HMPREF9021_RS02845,HMPREF9021,-12.487526,16.678997
256,HMPREF9021_RS02755,GCF_000163775.2,Proteobacteria,Betaproteobacteria,Neisseriales,Neisseriaceae,Simonsiella,Simonsiella muelleri,GerE,GCF_000163775.2-HMPREF9021_RS02755,HMPREF9021,-25.819006,-0.9268267
257,HMPREF9021_RS01160,GCF_000163775.2,Proteobacteria,Betaproteobacteria,Neisseriales,Neisseriaceae,Simonsiella,Simonsiella muelleri,,GCF_000163775.2-HMPREF9021_RS01160,HMPREF9021,-12.808077,16.600693
258,IV91_RS0112060,GCF_000735045.1,Proteobacteria,Betaproteobacteria,Ferrovales,Ferrovaceae,Ferrovum,Ferrovum myxofaciens,PAS,GCF_000735045.1-IV91_RS0112060,IV91,20.125864,0.33980495
259,IV91_RS17330,GCF_000735045.1,Proteobacteria,Betaproteobacteria,Ferrovales,Ferrovaceae,Ferrovum,Ferrovum myxofaciens,,GCF_000735045.1-IV91_RS17330,IV91,15.796175,12.108602
260,IV91_RS0110480,GCF_000735045.1,Proteobacteria,Betaproteobacteria,Ferrovales,Ferrovaceae,Ferrovum,Ferrovum myxofaciens,GerE,GCF_000735045.1-IV91_RS0110480,IV91,-7.1768885,-31.258831
261,IV91_RS0110345,GCF_000735045.1,Proteobacteria,Betaproteobacteria,Ferrovales,Ferrovaceae,Ferrovum,Ferrovum myxofaciens,,GCF_000735045.1-IV91_RS0110345,IV91,-11.007671,3.3561394
262,IV91_RS0110170,GCF_000735045.1,Proteobacteria,Betaproteobacteria,Ferrovales,Ferrovaceae,Ferrovum,Ferrovum myxofaciens,HTH_8,GCF_000735045.1-IV91_RS0110170,IV91,-3.2597573,15.24436
263,IV91_RS0110020,GCF_000735045.1,Proteobacteria,Betaproteobacteria,Ferrovales,Ferrovaceae,Ferrovum,Ferrovum myxofaciens,HTH_8,GCF_000735045.1-IV91_RS0110020,IV91,-13.951177,-20.61588
264,IV91_RS0109010,GCF_000735045.1,Proteobacteria,Betaproteobacteria,Ferrovales,Ferrovaceae,Ferrovum,Ferrovum myxofaciens,HD,GCF_000735045.1-IV91_RS0109010,IV91,8.281521,8.204884
265,IV91_RS0109000,GCF_000735045.1,Proteobacteria,Betaproteobacteria,Ferrovales,Ferrovaceae,Ferrovum,Ferrovum myxofaciens,HTH_17,GCF_000735045.1-IV91_RS0109000,IV91,21.917929,-10.40748
266,IV91_RS0108990,GCF_000735045.1,Proteobacteria,Betaproteobacteria,Ferrovales,Ferrovaceae,Ferrovum,Ferrovum myxofaciens,,GCF_000735045.1-IV91_RS0108990,IV91,13.496721,17.467333
267,IV91_RS0107115,GCF_000735045.1,Proteobacteria,Betaproteobacteria,Ferrovales,Ferrovaceae,Ferrovum,Ferrovum myxofaciens,EAL,GCF_000735045.1-IV91_RS0107115,IV91,-11.081566,-26.59956
268,IV91_RS0106805,GCF_000735045.1,Proteobacteria,Betaproteobacteria,Ferrovales,Ferrovaceae,Ferrovum,Ferrovum myxofaciens,HTH_8,GCF_000735045.1-IV91_RS0106805,IV91,-21.473341,21.628994
269,IV91_RS0106520,GCF_000735045.1,Proteobacteria,Betaproteobacteria,Ferrovales,Ferrovaceae,Ferrovum,Ferrovum myxofaciens,Trans_reg_C,GCF_000735045.1-IV91_RS0106520,IV91,13.449805,-5.9940896
270,IV91_RS0106060,GCF_000735045.1,Proteobacteria,Betaproteobacteria,Ferrovales,Ferrovaceae,Ferrovum,Ferrovum myxofaciens,GerE,GCF_000735045.1-IV91_RS0106060,IV91,-29.26598,-5.835211
271,IV91_RS0105665,GCF_000735045.1,Proteobacteria,Betaproteobacteria,Ferrovales,Ferrovaceae,Ferrovum,Ferrovum myxofaciens,HTH_8,GCF_000735045.1-IV91_RS0105665,IV91,-8.114576,9.795027
272,IV91_RS0105255,GCF_000735045.1,Proteobacteria,Betaproteobacteria,Ferrovales,Ferrovaceae,Ferrovum,Ferrovum myxofaciens,GerE,GCF_000735045.1-IV91_RS0105255,IV91,-22.465954,-0.99148655
273,IV91_RS0104690,GCF_000735045.1,Proteobacteria,Betaproteobacteria,Ferrovales,Ferrovaceae,Ferrovum,Ferrovum myxofaciens,Trans_reg_C,GCF_000735045.1-IV91_RS0104690,IV91,1.9260315,-21.369562
274,IV91_RS0104275,GCF_000735045.1,Proteobacteria,Betaproteobacteria,Ferrovales,Ferrovaceae,Ferrovum,Ferrovum myxofaciens,Trans_reg_C,GCF_000735045.1-IV91_RS0104275,IV91,18.862547,-8.396034
275,IV91_RS0104120,GCF_000735045.1,Proteobacteria,Betaproteobacteria,Ferrovales,Ferrovaceae,Ferrovum,Ferrovum myxofaciens,,GCF_000735045.1-IV91_RS0104120,IV91,-11.91328,-4.5364084
276,IV91_RS0104090,GCF_000735045.1,Proteobacteria,Betaproteobacteria,Ferrovales,Ferrovaceae,Ferrovum,Ferrovum myxofaciens,CheB_methylest,GCF_000735045.1-IV91_RS0104090,IV91,-11.078814,26.867437
277,IV91_RS0103470,GCF_000735045.1,Proteobacteria,Betaproteobacteria,Ferrovales,Ferrovaceae,Ferrovum,Ferrovum myxofaciens,Sigma54_activat,GCF_000735045.1-IV91_RS0103470,IV91,-3.1706858,3.4911933
278,IV91_RS0103435,GCF_000735045.1,Proteobacteria,Betaproteobacteria,Ferrovales,Ferrovaceae,Ferrovum,Ferrovum myxofaciens,EAL,GCF_000735045.1-IV91_RS0103435,IV91,-8.102972,16.991627
279,IV91_RS0103110,GCF_000735045.1,Proteobacteria,Betaproteobacteria,Ferrovales,Ferrovaceae,Ferrovum,Ferrovum myxofaciens,EAL,GCF_000735045.1-IV91_RS0103110,IV91,20.125864,-17.859943
280,IV91_RS0103105,GCF_000735045.1,Proteobacteria,Betaproteobacteria,Ferrovales,Ferrovaceae,Ferrovum,Ferrovum myxofaciens,,GCF_000735045.1-IV91_RS0103105,IV91,10.137777,29.381248
281,IV91_RS0102990,GCF_000735045.1,Proteobacteria,Betaproteobacteria,Ferrovales,Ferrovaceae,Ferrovum,Ferrovum myxofaciens,GerE,GCF_000735045.1-IV91_RS0102990,IV91,7.2705646,-0.61401
282,IV91_RS0102890,GCF_000735045.1,Proteobacteria,Betaproteobacteria,Ferrovales,Ferrovaceae,Ferrovum,Ferrovum myxofaciens,,GCF_000735045.1-IV91_RS0102890,IV91,-10.706396,0.64590573
283,IV91_RS0102885,GCF_000735045.1,Proteobacteria,Betaproteobacteria,Ferrovales,Ferrovaceae,Ferrovum,Ferrovum myxofaciens,CheW,GCF_000735045.1-IV91_RS0102885,IV91,19.652395,22.205696
284,IV91_RS0102880,GCF_000735045.1,Proteobacteria,Betaproteobacteria,Ferrovales,Ferrovaceae,Ferrovum,Ferrovum myxofaciens,CheW,GCF_000735045.1-IV91_RS0102880,IV91,20.569798,25.040438
285,IV91_RS0102260,GCF_000735045.1,Proteobacteria,Betaproteobacteria,Ferrovales,Ferrovaceae,Ferrovum,Ferrovum myxofaciens,Trans_reg_C,GCF_000735045.1-IV91_RS0102260,IV91,14.857859,-15.369588
286,IV91_RS0100765,GCF_000735045.1,Proteobacteria,Betaproteobacteria,Ferrovales,Ferrovaceae,Ferrovum,Ferrovum myxofaciens,Trans_reg_C,GCF_000735045.1-IV91_RS0100765,IV91,1.7159376,-7.848628
287,IV91_RS0100700,GCF_000735045.1,Proteobacteria,Betaproteobacteria,Ferrovales,Ferrovaceae,Ferrovum,Ferrovum myxofaciens,GerE,GCF_000735045.1-IV91_RS0100700,IV91,-31.139214,-1.771568
288,IV91_RS0100285,GCF_000735045.1,Proteobacteria,Betaproteobacteria,Ferrovales,Ferrovaceae,Ferrovum,Ferrovum myxofaciens,Trans_reg_C,GCF_000735045.1-IV91_RS0100285,IV91,3.162329,-18.991898
289,IV91_RS0100230,GCF_000735045.1,Proteobacteria,Betaproteobacteria,Ferrovales,Ferrovaceae,Ferrovum,Ferrovum myxofaciens,HTH_17,GCF_000735045.1-IV91_RS0100230,IV91,32.099174,-12.5082035
290,RD2015_RS24110,GCF_001483865.1,Proteobacteria,Betaproteobacteria,Burkholderiales,,Roseateles,Roseateles depolymerans,Trans_reg_C,GCF_001483865.1-RD2015_RS24110,RD2015,5.870854,-22.861986
291,RD2015_RS24070,GCF_001483865.1,Proteobacteria,Betaproteobacteria,Burkholderiales,,Roseateles,Roseateles depolymerans,Trans_reg_C,GCF_001483865.1-RD2015_RS24070,RD2015,11.926744,-7.7425537
292,RD2015_RS23625,GCF_001483865.1,Proteobacteria,Betaproteobacteria,Burkholderiales,,Roseateles,Roseateles depolymerans,GerE,GCF_001483865.1-RD2015_RS23625,RD2015,-22.789234,-3.1233141
293,RD2015_RS23085,GCF_001483865.1,Proteobacteria,Betaproteobacteria,Burkholderiales,,Roseateles,Roseateles depolymerans,LytTR,GCF_001483865.1-RD2015_RS23085,RD2015,-17.730133,12.043506
294,RD2015_RS23060,GCF_001483865.1,Proteobacteria,Betaproteobacteria,Burkholderiales,,Roseateles,Roseateles depolymerans,Trans_reg_C,GCF_001483865.1-RD2015_RS23060,RD2015,-4.5056295,-18.653639
295,RD2015_RS23030,GCF_001483865.1,Proteobacteria,Betaproteobacteria,Burkholderiales,,Roseateles,Roseateles depolymerans,Trans_reg_C,GCF_001483865.1-RD2015_RS23030,RD2015,16.403975,-22.468954
296,RD2015_RS22880,GCF_001483865.1,Proteobacteria,Betaproteobacteria,Burkholderiales,,Roseateles,Roseateles depolymerans,GerE,GCF_001483865.1-RD2015_RS22880,RD2015,-29.442196,27.695587
297,RD2015_RS22755,GCF_001483865.1,Proteobacteria,Betaproteobacteria,Burkholderiales,,Roseateles,Roseateles depolymerans,HTH_8,GCF_001483865.1-RD2015_RS22755,RD2015,-5.2122235,9.052025
298,RD2015_RS22530,GCF_001483865.1,Proteobacteria,Betaproteobacteria,Burkholderiales,,Roseateles,Roseateles depolymerans,HD,GCF_001483865.1-RD2015_RS22530,RD2015,13.945652,2.906437
299,RD2015_RS22315,GCF_001483865.1,Proteobacteria,Betaproteobacteria,Burkholderiales,,Roseateles,Roseateles depolymerans,GerE,GCF_001483865.1-RD2015_RS22315,RD2015,-26.902,6.480522
300,RD2015_RS21590,GCF_001483865.1,Proteobacteria,Betaproteobacteria,Burkholderiales,,Roseateles,Roseateles depolymerans,EAL,GCF_001483865.1-RD2015_RS21590,RD2015,-24.122723,-24.61064
301,RD2015_RS21375,GCF_001483865.1,Proteobacteria,Betaproteobacteria,Burkholderiales,,Roseateles,Roseateles depolymerans,,GCF_001483865.1-RD2015_RS21375,RD2015,6.356087,-4.4589653
302,RD2015_RS23505,GCF_001483865.1,Proteobacteria,Betaproteobacteria,Burkholderiales,,Roseateles,Roseateles depolymerans,Trans_reg_C,GCF_001483865.1-RD2015_RS23505,RD2015,1.9118305,-17.548944
303,RD2015_RS23365,GCF_001483865.1,Proteobacteria,Betaproteobacteria,Burkholderiales,,Roseateles,Roseateles depolymerans,,GCF_001483865.1-RD2015_RS23365,RD2015,5.524951,1.3241087
304,RD2015_RS23275,GCF_001483865.1,Proteobacteria,Betaproteobacteria,Burkholderiales,,Roseateles,Roseateles depolymerans,GerE,GCF_001483865.1-RD2015_RS23275,RD2015,-28.329525,1.145395
305,RD2015_RS23260,GCF_001483865.1,Proteobacteria,Betaproteobacteria,Burkholderiales,,Roseateles,Roseateles depolymerans,GAF,GCF_001483865.1-RD2015_RS23260,RD2015,-0.23435064,-2.9955118
306,RD2015_RS21235,GCF_001483865.1,Proteobacteria,Betaproteobacteria,Burkholderiales,,Roseateles,Roseateles depolymerans,Trans_reg_C,GCF_001483865.1-RD2015_RS21235,RD2015,14.477551,-7.443331
307,RD2015_RS21130,GCF_001483865.1,Proteobacteria,Betaproteobacteria,Burkholderiales,,Roseateles,Roseateles depolymerans,GGDEF,GCF_001483865.1-RD2015_RS21130,RD2015,10.087237,3.0732627
308,RD2015_RS20860,GCF_001483865.1,Proteobacteria,Betaproteobacteria,Burkholderiales,,Roseateles,Roseateles depolymerans,DUF3369,GCF_001483865.1-RD2015_RS20860,RD2015,-23.830532,-25.52583
309,RD2015_RS20620,GCF_001483865.1,Proteobacteria,Betaproteobacteria,Burkholderiales,,Roseateles,Roseateles depolymerans,,GCF_001483865.1-RD2015_RS20620,RD2015,2.372952,4.5141764
310,RD2015_RS20615,GCF_001483865.1,Proteobacteria,Betaproteobacteria,Burkholderiales,,Roseateles,Roseateles depolymerans,,GCF_001483865.1-RD2015_RS20615,RD2015,21.32391,3.3903644
311,RD2015_RS20585,GCF_001483865.1,Proteobacteria,Betaproteobacteria,Burkholderiales,,Roseateles,Roseateles depolymerans,GerE,GCF_001483865.1-RD2015_RS20585,RD2015,-27.091866,-11.304117
312,RD2015_RS20580,GCF_001483865.1,Proteobacteria,Betaproteobacteria,Burkholderiales,,Roseateles,Roseateles depolymerans,GGDEF,GCF_001483865.1-RD2015_RS20580,RD2015,0.41098234,-1.4963249
313,RD2015_RS20380,GCF_001483865.1,Proteobacteria,Betaproteobacteria,Burkholderiales,,Roseateles,Roseateles depolymerans,GerE,GCF_001483865.1-RD2015_RS20380,RD2015,-31.378513,23.461382
314,RD2015_RS20375,GCF_001483865.1,Proteobacteria,Betaproteobacteria,Burkholderiales,,Roseateles,Roseateles depolymerans,,GCF_001483865.1-RD2015_RS20375,RD2015,-33.083076,22.017038
315,RD2015_RS21990,GCF_001483865.1,Proteobacteria,Betaproteobacteria,Burkholderiales,,Roseateles,Roseateles depolymerans,ANTAR,GCF_001483865.1-RD2015_RS21990,RD2015,25.049,16.029741
316,RD2015_RS19635,GCF_001483865.1,Proteobacteria,Betaproteobacteria,Burkholderiales,,Roseateles,Roseateles depolymerans,,GCF_001483865.1-RD2015_RS19635,RD2015,11.362605,31.408916
317,RD2015_RS18565,GCF_001483865.1,Proteobacteria,Betaproteobacteria,Burkholderiales,,Roseateles,Roseateles depolymerans,LytTR,GCF_001483865.1-RD2015_RS18565,RD2015,-20.195599,7.960992
318,RD2015_RS18460,GCF_001483865.1,Proteobacteria,Betaproteobacteria,Burkholderiales,,Roseateles,Roseateles depolymerans,CheB_methylest,GCF_001483865.1-RD2015_RS18460,RD2015,-11.181349,27.990213
319,RD2015_RS18345,GCF_001483865.1,Proteobacteria,Betaproteobacteria,Burkholderiales,,Roseateles,Roseateles depolymerans,LytTR,GCF_001483865.1-RD2015_RS18345,RD2015,-19.010143,12.074532
320,RD2015_RS17920,GCF_001483865.1,Proteobacteria,Betaproteobacteria,Burkholderiales,,Roseateles,Roseateles depolymerans,GerE,GCF_001483865.1-RD2015_RS17920,RD2015,-21.24472,-6.3223014
321,RD2015_RS17780,GCF_001483865.1,Proteobacteria,Betaproteobacteria,Burkholderiales,,Roseateles,Roseateles depolymerans,HTH_8,GCF_001483865.1-RD2015_RS17780,RD2015,-9.867876,7.34249
322,RD2015_RS17320,GCF_001483865.1,Proteobacteria,Betaproteobacteria,Burkholderiales,,Roseateles,Roseateles depolymerans,LytTR,GCF_001483865.1-RD2015_RS17320,RD2015,-18.490808,12.907498
323,RD2015_RS18995,GCF_001483865.1,Proteobacteria,Betaproteobacteria,Burkholderiales,,Roseateles,Roseateles depolymerans,Trans_reg_C,GCF_001483865.1-RD2015_RS18995,RD2015,-0.27177054,-16.491558
324,RD2015_RS18825,GCF_001483865.1,Proteobacteria,Betaproteobacteria,Burkholderiales,,Roseateles,Roseateles depolymerans,GerE,GCF_001483865.1-RD2015_RS18825,RD2015,10.381681,1.6207234
325,RD2015_RS16870,GCF_001483865.1,Proteobacteria,Betaproteobacteria,Burkholderiales,,Roseateles,Roseateles depolymerans,Trans_reg_C,GCF_001483865.1-RD2015_RS16870,RD2015,17.6279,-9.135496
326,RD2015_RS16075,GCF_001483865.1,Proteobacteria,Betaproteobacteria,Burkholderiales,,Roseateles,Roseateles depolymerans,HTH_8,GCF_001483865.1-RD2015_RS16075,RD2015,3.25695,17.204554
327,RD2015_RS15910,GCF_001483865.1,Proteobacteria,Betaproteobacteria,Burkholderiales,,Roseateles,Roseateles depolymerans,Trans_reg_C,GCF_001483865.1-RD2015_RS15910,RD2015,12.966596,-8.2552805
328,RD2015_RS15735,GCF_001483865.1,Proteobacteria,Betaproteobacteria,Burkholderiales,,Roseateles,Roseateles depolymerans,,GCF_001483865.1-RD2015_RS15735,RD2015,6.755929,5.3944683
329,RD2015_RS15555,GCF_001483865.1,Proteobacteria,Betaproteobacteria,Burkholderiales,,Roseateles,Roseateles depolymerans,Trans_reg_C,GCF_001483865.1-RD2015_RS15555,RD2015,-0.37464422,-16.976152
330,RD2015_RS15040,GCF_001483865.1,Proteobacteria,Betaproteobacteria,Burkholderiales,,Roseateles,Roseateles depolymerans,GerE,GCF_001483865.1-RD2015_RS15040,RD2015,-20.478815,3.1025765
331,RD2015_RS14750,GCF_001483865.1,Proteobacteria,Betaproteobacteria,Burkholderiales,,Roseateles,Roseateles depolymerans,Trans_reg_C,GCF_001483865.1-RD2015_RS14750,RD2015,2.3881578,-19.662096
332,RD2015_RS13025,GCF_001483865.1,Proteobacteria,Betaproteobacteria,Burkholderiales,,Roseateles,Roseateles depolymerans,,GCF_001483865.1-RD2015_RS13025,RD2015,1.3934375,-2.565263
333,RD2015_RS12885,GCF_001483865.1,Proteobacteria,Betaproteobacteria,Burkholderiales,,Roseateles,Roseateles depolymerans,GerE,GCF_001483865.1-RD2015_RS12885,RD2015,-24.368792,-5.6148453
334,RD2015_RS12760,GCF_001483865.1,Proteobacteria,Betaproteobacteria,Burkholderiales,,Roseateles,Roseateles depolymerans,,GCF_001483865.1-RD2015_RS12760,RD2015,26.954369,-5.88141
335,RD2015_RS12475,GCF_001483865.1,Proteobacteria,Betaproteobacteria,Burkholderiales,,Roseateles,Roseateles depolymerans,Trans_reg_C,GCF_001483865.1-RD2015_RS12475,RD2015,9.70173,-13.207214
336,RD2015_RS12455,GCF_001483865.1,Proteobacteria,Betaproteobacteria,Burkholderiales,,Roseateles,Roseateles depolymerans,Trans_reg_C,GCF_001483865.1-RD2015_RS12455,RD2015,9.447842,-11.215356
337,RD2015_RS12410,GCF_001483865.1,Proteobacteria,Betaproteobacteria,Burkholderiales,,Roseateles,Roseateles depolymerans,CheB_methylest,GCF_001483865.1-RD2015_RS12410,RD2015,-9.499278,25.968819
338,RD2015_RS12395,GCF_001483865.1,Proteobacteria,Betaproteobacteria,Burkholderiales,,Roseateles,Roseateles depolymerans,,GCF_001483865.1-RD2015_RS12395,RD2015,-12.2057905,-1.4203098
339,RD2015_RS12380,GCF_001483865.1,Proteobacteria,Betaproteobacteria,Burkholderiales,,Roseateles,Roseateles depolymerans,,GCF_001483865.1-RD2015_RS12380,RD2015,-9.243101,-6.4270287
340,RD2015_RS12320,GCF_001483865.1,Proteobacteria,Betaproteobacteria,Burkholderiales,,Roseateles,Roseateles depolymerans,,GCF_001483865.1-RD2015_RS12320,RD2015,-3.3757005,-1.1169316
341,RD2015_RS12135,GCF_001483865.1,Proteobacteria,Betaproteobacteria,Burkholderiales,,Roseateles,Roseateles depolymerans,Trans_reg_C,GCF_001483865.1-RD2015_RS12135,RD2015,16.99872,-12.587783
342,RD2015_RS12080,GCF_001483865.1,Proteobacteria,Betaproteobacteria,Burkholderiales,,Roseateles,Roseateles depolymerans,GerE,GCF_001483865.1-RD2015_RS12080,RD2015,-20.482183,3.097249
343,RD2015_RS12040,GCF_001483865.1,Proteobacteria,Betaproteobacteria,Burkholderiales,,Roseateles,Roseateles depolymerans,,GCF_001483865.1-RD2015_RS12040,RD2015,25.307526,-2.0367923
344,RD2015_RS14040,GCF_001483865.1,Proteobacteria,Betaproteobacteria,Burkholderiales,,Roseateles,Roseateles depolymerans,,GCF_001483865.1-RD2015_RS14040,RD2015,10.528237,30.1186
345,RD2015_RS13980,GCF_001483865.1,Proteobacteria,Betaproteobacteria,Burkholderiales,,Roseateles,Roseateles depolymerans,,GCF_001483865.1-RD2015_RS13980,RD2015,-7.6719775,6.7578144
346,RD2015_RS13960,GCF_001483865.1,Proteobacteria,Betaproteobacteria,Burkholderiales,,Roseateles,Roseateles depolymerans,HTH_8,GCF_001483865.1-RD2015_RS13960,RD2015,-27.95155,18.365294
347,RD2015_RS13860,GCF_001483865.1,Proteobacteria,Betaproteobacteria,Burkholderiales,,Roseateles,Roseateles depolymerans,Trans_reg_C,GCF_001483865.1-RD2015_RS13860,RD2015,16.74243,-4.7836137
348,RD2015_RS13670,GCF_001483865.1,Proteobacteria,Betaproteobacteria,Burkholderiales,,Roseateles,Roseateles depolymerans,HD_5,GCF_001483865.1-RD2015_RS13670,RD2015,12.795574,4.011689
349,RD2015_RS13580,GCF_001483865.1,Proteobacteria,Betaproteobacteria,Burkholderiales,,Roseateles,Roseateles depolymerans,Trans_reg_C,GCF_001483865.1-RD2015_RS13580,RD2015,2.1097274,-8.799002
350,RD2015_RS13515,GCF_001483865.1,Proteobacteria,Betaproteobacteria,Burkholderiales,,Roseateles,Roseateles depolymerans,Trans_reg_C,GCF_001483865.1-RD2015_RS13515,RD2015,7.0299673,-12.658083
351,RD2015_RS13440,GCF_001483865.1,Proteobacteria,Betaproteobacteria,Burkholderiales,,Roseateles,Roseateles depolymerans,Trans_reg_C,GCF_001483865.1-RD2015_RS13440,RD2015,7.706195,-14.257481
352,RD2015_RS13315,GCF_001483865.1,Proteobacteria,Betaproteobacteria,Burkholderiales,,Roseateles,Roseateles depolymerans,GerE,GCF_001483865.1-RD2015_RS13315,RD2015,-24.572115,1.8306545
353,RD2015_RS11305,GCF_001483865.1,Proteobacteria,Betaproteobacteria,Burkholderiales,,Roseateles,Roseateles depolymerans,HTH_8,GCF_001483865.1-RD2015_RS11305,RD2015,-14.726698,-20.891035
354,RD2015_RS10705,GCF_001483865.1,Proteobacteria,Betaproteobacteria,Burkholderiales,,Roseateles,Roseateles depolymerans,Trans_reg_C,GCF_001483865.1-RD2015_RS10705,RD2015,13.893504,-16.748295
355,RD2015_RS10590,GCF_001483865.1,Proteobacteria,Betaproteobacteria,Burkholderiales,,Roseateles,Roseateles depolymerans,GerE,GCF_001483865.1-RD2015_RS10590,RD2015,-26.756569,6.6718006
356,RD2015_RS10425,GCF_001483865.1,Proteobacteria,Betaproteobacteria,Burkholderiales,,Roseateles,Roseateles depolymerans,,GCF_001483865.1-RD2015_RS10425,RD2015,10.5376835,-1.9599141
357,RD2015_RS10255,GCF_001483865.1,Proteobacteria,Betaproteobacteria,Burkholderiales,,Roseateles,Roseateles depolymerans,,GCF_001483865.1-RD2015_RS10255,RD2015,6.825855,2.1035838
358,RD2015_RS10235,GCF_001483865.1,Proteobacteria,Betaproteobacteria,Burkholderiales,,Roseateles,Roseateles depolymerans,HTH_8,GCF_001483865.1-RD2015_RS10235,RD2015,-4.119485,11.02457
359,RD2015_RS10125,GCF_001483865.1,Proteobacteria,Betaproteobacteria,Burkholderiales,,Roseateles,Roseateles depolymerans,ABC_tran,GCF_001483865.1-RD2015_RS10125,RD2015,5.2344165,11.695099
360,RD2015_RS10095,GCF_001483865.1,Proteobacteria,Betaproteobacteria,Burkholderiales,,Roseateles,Roseateles depolymerans,GerE,GCF_001483865.1-RD2015_RS10095,RD2015,-23.367296,-9.518437
361,RD2015_RS09680,GCF_001483865.1,Proteobacteria,Betaproteobacteria,Burkholderiales,,Roseateles,Roseateles depolymerans,Trans_reg_C,GCF_001483865.1-RD2015_RS09680,RD2015,18.67056,-12.849077
362,RD2015_RS09265,GCF_001483865.1,Proteobacteria,Betaproteobacteria,Burkholderiales,,Roseateles,Roseateles depolymerans,Trans_reg_C,GCF_001483865.1-RD2015_RS09265,RD2015,15.146675,-10.136578
363,RD2015_RS08980,GCF_001483865.1,Proteobacteria,Betaproteobacteria,Burkholderiales,,Roseateles,Roseateles depolymerans,GerE,GCF_001483865.1-RD2015_RS08980,RD2015,-30.951859,0.3848329
364,RD2015_RS08870,GCF_001483865.1,Proteobacteria,Betaproteobacteria,Burkholderiales,,Roseateles,Roseateles depolymerans,,GCF_001483865.1-RD2015_RS08870,RD2015,14.408601,-0.28452843
365,RD2015_RS08855,GCF_001483865.1,Proteobacteria,Betaproteobacteria,Burkholderiales,,Roseateles,Roseateles depolymerans,EAL,GCF_001483865.1-RD2015_RS08855,RD2015,9.042022,-4.6426663
366,RD2015_RS08760,GCF_001483865.1,Proteobacteria,Betaproteobacteria,Burkholderiales,,Roseateles,Roseateles depolymerans,,GCF_001483865.1-RD2015_RS08760,RD2015,-9.936334,0.17994921
367,RD2015_RS08565,GCF_001483865.1,Proteobacteria,Betaproteobacteria,Burkholderiales,,Roseateles,Roseateles depolymerans,GerE,GCF_001483865.1-RD2015_RS08565,RD2015,-28.14744,-6.032355
368,RD2015_RS08550,GCF_001483865.1,Proteobacteria,Betaproteobacteria,Burkholderiales,,Roseateles,Roseateles depolymerans,,GCF_001483865.1-RD2015_RS08550,RD2015,-10.959542,-5.1000814
369,RD2015_RS07910,GCF_001483865.1,Proteobacteria,Betaproteobacteria,Burkholderiales,,Roseateles,Roseateles depolymerans,Trans_reg_C,GCF_001483865.1-RD2015_RS07910,RD2015,14.301576,-11.154994
370,RD2015_RS07795,GCF_001483865.1,Proteobacteria,Betaproteobacteria,Burkholderiales,,Roseateles,Roseateles depolymerans,,GCF_001483865.1-RD2015_RS07795,RD2015,34.30567,1.5921211
371,RD2015_RS07785,GCF_001483865.1,Proteobacteria,Betaproteobacteria,Burkholderiales,,Roseateles,Roseateles depolymerans,,GCF_001483865.1-RD2015_RS07785,RD2015,-12.637227,2.4611232
372,RD2015_RS06740,GCF_001483865.1,Proteobacteria,Betaproteobacteria,Burkholderiales,,Roseateles,Roseateles depolymerans,GerE,GCF_001483865.1-RD2015_RS06740,RD2015,26.415834,-13.976479
373,RD2015_RS06720,GCF_001483865.1,Proteobacteria,Betaproteobacteria,Burkholderiales,,Roseateles,Roseateles depolymerans,HTH_8,GCF_001483865.1-RD2015_RS06720,RD2015,-19.956228,20.142424
374,RD2015_RS06595,GCF_001483865.1,Proteobacteria,Betaproteobacteria,Burkholderiales,,Roseateles,Roseateles depolymerans,GerE,GCF_001483865.1-RD2015_RS06595,RD2015,-28.681866,24.609669
375,RD2015_RS06475,GCF_001483865.1,Proteobacteria,Betaproteobacteria,Burkholderiales,,Roseateles,Roseateles depolymerans,,GCF_001483865.1-RD2015_RS06475,RD2015,9.152553,-20.619827
376,RD2015_RS06315,GCF_001483865.1,Proteobacteria,Betaproteobacteria,Burkholderiales,,Roseateles,Roseateles depolymerans,GerE,GCF_001483865.1-RD2015_RS06315,RD2015,-7.4485416,-31.350828
377,RD2015_RS05840,GCF_001483865.1,Proteobacteria,Betaproteobacteria,Burkholderiales,,Roseateles,Roseateles depolymerans,CheB_methylest,GCF_001483865.1-RD2015_RS05840,RD2015,-7.124286,26.543898
378,RD2015_RS05830,GCF_001483865.1,Proteobacteria,Betaproteobacteria,Burkholderiales,,Roseateles,Roseateles depolymerans,,GCF_001483865.1-RD2015_RS05830,RD2015,0.41201115,-2.3370385
379,RD2015_RS05770,GCF_001483865.1,Proteobacteria,Betaproteobacteria,Burkholderiales,,Roseateles,Roseateles depolymerans,HTH_8,GCF_001483865.1-RD2015_RS05770,RD2015,-33.706623,10.887985
380,RD2015_RS05630,GCF_001483865.1,Proteobacteria,Betaproteobacteria,Burkholderiales,,Roseateles,Roseateles depolymerans,HD_5,GCF_001483865.1-RD2015_RS05630,RD2015,0.55871713,18.02113
381,RD2015_RS05625,GCF_001483865.1,Proteobacteria,Betaproteobacteria,Burkholderiales,,Roseateles,Roseateles depolymerans,,GCF_001483865.1-RD2015_RS05625,RD2015,-0.33390298,15.978751
382,RD2015_RS04140,GCF_001483865.1,Proteobacteria,Betaproteobacteria,Burkholderiales,,Roseateles,Roseateles depolymerans,,GCF_001483865.1-RD2015_RS04140,RD2015,26.670055,-5.654481
383,RD2015_RS03990,GCF_001483865.1,Proteobacteria,Betaproteobacteria,Burkholderiales,,Roseateles,Roseateles depolymerans,Trans_reg_C,GCF_001483865.1-RD2015_RS03990,RD2015,6.5136657,-16.663918
384,RD2015_RS03970,GCF_001483865.1,Proteobacteria,Betaproteobacteria,Burkholderiales,,Roseateles,Roseateles depolymerans,GerE,GCF_001483865.1-RD2015_RS03970,RD2015,-30.658384,26.6514
385,RD2015_RS03485,GCF_001483865.1,Proteobacteria,Betaproteobacteria,Burkholderiales,,Roseateles,Roseateles depolymerans,Trans_reg_C,GCF_001483865.1-RD2015_RS03485,RD2015,2.1011019,-23.75414
386,RD2015_RS02330,GCF_001483865.1,Proteobacteria,Betaproteobacteria,Burkholderiales,,Roseateles,Roseateles depolymerans,HTH_18,GCF_001483865.1-RD2015_RS02330,RD2015,14.888288,4.48359
387,RD2015_RS02275,GCF_001483865.1,Proteobacteria,Betaproteobacteria,Burkholderiales,,Roseateles,Roseateles depolymerans,,GCF_001483865.1-RD2015_RS02275,RD2015,1.1067024,12.368563
388,RD2015_RS02265,GCF_001483865.1,Proteobacteria,Betaproteobacteria,Burkholderiales,,Roseateles,Roseateles depolymerans,EAL,GCF_001483865.1-RD2015_RS02265,RD2015,5.120934,-7.6610684
389,RD2015_RS02230,GCF_001483865.1,Proteobacteria,Betaproteobacteria,Burkholderiales,,Roseateles,Roseateles depolymerans,LytTR,GCF_001483865.1-RD2015_RS02230,RD2015,-19.523155,12.178396
390,RD2015_RS02180,GCF_001483865.1,Proteobacteria,Betaproteobacteria,Burkholderiales,,Roseateles,Roseateles depolymerans,HTH_17,GCF_001483865.1-RD2015_RS02180,RD2015,-12.646831,23.999157
391,RD2015_RS00270,GCF_001483865.1,Proteobacteria,Betaproteobacteria,Burkholderiales,,Roseateles,Roseateles depolymerans,,GCF_001483865.1-RD2015_RS00270,RD2015,25.34425,-1.7704188
392,RD2015_RS00265,GCF_001483865.1,Proteobacteria,Betaproteobacteria,Burkholderiales,,Roseateles,Roseateles depolymerans,GerE,GCF_001483865.1-RD2015_RS00265,RD2015,-29.889124,-11.43582
393,RD2015_RS03295,GCF_001483865.1,Proteobacteria,Betaproteobacteria,Burkholderiales,,Roseateles,Roseateles depolymerans,GGDEF,GCF_001483865.1-RD2015_RS03295,RD2015,25.053143,-18.898819
394,RD2015_RS01820,GCF_001483865.1,Proteobacteria,Betaproteobacteria,Burkholderiales,,Roseateles,Roseateles depolymerans,Trans_reg_C,GCF_001483865.1-RD2015_RS01820,RD2015,6.1271276,-21.006529
395,RD2015_RS01480,GCF_001483865.1,Proteobacteria,Betaproteobacteria,Burkholderiales,,Roseateles,Roseateles depolymerans,,GCF_001483865.1-RD2015_RS01480,RD2015,-4.680758,1.9665333
396,OFAG_RS11760,GCF_000158475.2,Proteobacteria,Betaproteobacteria,Burkholderiales,Oxalobacteraceae,Oxalobacter,Oxalobacter formigenes,HTH_8,GCF_000158475.2-OFAG_RS11760,OFAG,-19.783085,21.204727
397,OFAG_RS11365,GCF_000158475.2,Proteobacteria,Betaproteobacteria,Burkholderiales,Oxalobacteraceae,Oxalobacter,Oxalobacter formigenes,Trans_reg_C,GCF_000158475.2-OFAG_RS11365,OFAG,10.175931,-15.266441
398,OFAG_RS11250,GCF_000158475.2,Proteobacteria,Betaproteobacteria,Burkholderiales,Oxalobacteraceae,Oxalobacter,Oxalobacter formigenes,Trans_reg_C,GCF_000158475.2-OFAG_RS11250,OFAG,17.352497,-9.368843
399,OFAG_RS05360,GCF_000158475.2,Proteobacteria,Betaproteobacteria,Burkholderiales,Oxalobacteraceae,Oxalobacter,Oxalobacter formigenes,Trans_reg_C,GCF_000158475.2-OFAG_RS05360,OFAG,13.42184,-14.816699
400,OFAG_RS03755,GCF_000158475.2,Proteobacteria,Betaproteobacteria,Burkholderiales,Oxalobacteraceae,Oxalobacter,Oxalobacter formigenes,HD_5,GCF_000158475.2-OFAG_RS03755,OFAG,12.988525,9.091861
401,OFAG_RS03475,GCF_000158475.2,Proteobacteria,Betaproteobacteria,Burkholderiales,Oxalobacteraceae,Oxalobacter,Oxalobacter formigenes,GerE,GCF_000158475.2-OFAG_RS03475,OFAG,-30.135353,-8.689371
402,OFAG_RS01405,GCF_000158475.2,Proteobacteria,Betaproteobacteria,Burkholderiales,Oxalobacteraceae,Oxalobacter,Oxalobacter formigenes,HTH_8,GCF_000158475.2-OFAG_RS01405,OFAG,-5.626862,9.38205
403,OFAG_RS01770,GCF_000158475.2,Proteobacteria,Betaproteobacteria,Burkholderiales,Oxalobacteraceae,Oxalobacter,Oxalobacter formigenes,Trans_reg_C,GCF_000158475.2-OFAG_RS01770,OFAG,1.3689841,-8.219725
