TCStype,aseq_id,domain_counts,domain_seq,env_from,env_to,gene_id,sequence,stable_id,version
RR,5fkethyazcPsMLfHYjCTnQ,"{'RR': 1, 'HTH_8': 1, 'Sigma54_activat': 1}",LIVDDEESIRNLIAANLKDEGFNPKVAANSTQALKILSEKPVSAVILDIWLQGSEIDGLGILEIIKKRYPLMPVIIISGHGTIETAVNAIKMGAYDYIEKPFNNDKLVILLK,6,118,19875898,MSQLDVLIVDDEESIRNLIAANLKDEGFNPKVAANSTQALKILSEKPVSAVILDIWLQGSEIDGLGILEIIKKRYPLMPVIIISGHGTIETAVNAIKMGAYDYIEKPFNNDKLVILLKRACEVTKLKRENIDLKSKVIDKTELVGGCSVTLKYKMEIEKAASSSSRIMIHGKVGSGKELAARLIHKQSKRVNNPFIIFSPTCMTTEKINQELFGESEKQENNNKRPTILEFANNGTLYIDEVSNIPIPIQVKLLKFLKDQTITKPCGKNIKVDIKIITGTSKNIQDEVNNGKFLEDLYYRLNVSSLKVPSLYERKEDIPLLVKYFVKQLSKFSGLKERSFADETIAALQSYEWPGNIRQLRNVVEWTLIMNPLTTGNNEIIKPYMIPSEILANSANLTKLEDSFDMLSMPLREAREVFERQYLSAQMSRFNNNISKTSSFVGMERSALHRKLKLLSLHIPPTNRINEEEYEEANA,GCF_000696365.1-REISMN_RS07230,GCF_000696365.1
HK,cjIDhNjessmpIzwA8NMDAw,"{'HAMP': 1, 'HK_CA': 1}",WSDVAKKVAHEIKNPLTPILLASERLLKKFSPEIKERAEFESYLKMIIRHTNDIKNIVSEFVLFARLPAPKFTKSELVYLVKHIVEAHKLLNDNILYKFESNVDQFDFMCDATQINQVMINLLKNAEESIEGRESGKIEVTIDAKDDFISVIVIDNGKGFPPELIGKATESYVTTSSKGMGVGLAIVKRIVEEHCGILDIANREEEGAIIDIKFDLKE,371,589,19875352,MLSYLKQNLHSYFSSRMLIFTLIAAAVIFACATSYVISLESKNFSTIIGFLLVDLAIFLILGVLLTQKFFTKNNNNDSSKLQNRIVIAFSLVAAIPTIIVSVFSVYFFNLSVQAWFDKKISTVLDQSVIVAESYIAEHKLQLKETALAVAEDLSDMYYDLIHNPALFTKTLNTEAEMRSLDEAIVLNKSTNTIVANSYLSFSLSFATIPAHLIKKADLGEPVEVKSDPTKIRMLIKLKEYNDVYLLVGRLVDNKIIDHVDATNGAAAEYNSLKNEIDNIQIKFSIMFIFIALLLLFVAISFGVIFTAKIIKPIKKLVTATDKVKDGDLTVQVPENEVDKDEIGTLYVAFNRMIKQLSRQQRDLVIAQRAMAWSDVAKKVAHEIKNPLTPILLASERLLKKFSPEIKERAEFESYLKMIIRHTNDIKNIVSEFVLFARLPAPKFTKSELVYLVKHIVEAHKLLNDNILYKFESNVDQFDFMCDATQINQVMINLLKNAEESIEGRESGKIEVTIDAKDDFISVIVIDNGKGFPPELIGKATESYVTTSSKGMGVGLAIVKRIVEEHCGILDIANREEEGAIIDIKFDLKELDLKVGRSGG,GCF_000696365.1-REISMN_RS04810,GCF_000696365.1
RR,DKY-P-J7y0TOmU-mTBQVIw,"{'RR': 1, 'Trans_reg_C': 1}",LLIEDEPEMANLIELTLASEGIVCDKASVGVEGLRLGKVGGYDLVILDLMLPDINGFEILLRLRAAKIKTPILILSSLTDTDQKITGFSSGADDYLTKPFVREELIARIK,3,113,19875229,MRVLLIEDEPEMANLIELTLASEGIVCDKASVGVEGLRLGKVGGYDLVILDLMLPDINGFEILLRLRAAKIKTPILILSSLTDTDQKITGFSSGADDYLTKPFVREELIARIKAIVRRSKGHAASVFRFDKVSVNLDARSVEVNGKKVHLTNKEYAILELLILRRGTILTKEMFLNYLYSSVDEPEMKIIDVFICKLRKKLSDAAGGRDYIDTVWGRGYMLKEYDELQQKEILAQGA,GCF_000696365.1-REISMN_RS04240,GCF_000696365.1
HK,iJWcFtYrFdi0ZRxpvRluWg,"{'SSF': 1, 'HK_CA': 1}",KHEFLRNINHEINTPLTGIISLGETLWANYDKFNEDQRRNAVEIIAKSSIRLNSLINNILDFSKLSSLNYELNKEDINLSELLHERIKICKKLYLNGKTLNFISDIEENIIFNCDPHYIKHTFDNLIINAISYCSEGIIKIDLHMQENNILFSIKDDGIGVLKEELQSIFGVFVVSYKTRTPAGGRGVGLALCKKVIELHAGKIWAENDKLGETTFIFTMPYTR,696,920,19875153,MPNIDLLIFTSFLAINLLVGLLNIKNIKNIREYAIGKRNFSTGTIVATLIATWIGTSTFLIDNSRIYTDGLFYLLPSIFGSVVSWLLISYFIAPRFENFLGSLSAAEIIGEAYGNKVRILTSIVSILMSIGRIAMQFHVASLILQLFFNISNFYIDLCIATVIISYSAFGGVKSVTFTEAVQFFTYSAIIPVIGIVVWNVFSDPHIVIDSNVQTRLTDLQGLFHYTSPKFWISLNIFIYFAIPSLGPSIFQRVLMTKDTKQISKTFFISAIICLCLSVLFIWIVILLLSQEPSVDTNELFLRIIKSYIGFKGLIVGVIMAMIISSTNSYINVAAVTFINDIIKKASLNYNYITAITIGLIGFIISLYMKDLINLFLLLTSIYLPLITLPLILLIYGFKSSAKSFFIGMIAAILTIILWQIFSLRAVLGIYPILPATIVNLLFFLGSHYILKQPGGFSSLKEPLAVKIIRQERKRKFLTLFRDLKNFNIFKYWESTLPNQEITYSYVGIFILISMFSSLYTTLGSRIMNHLDIYNIIYHTTLITAAILITYPLWSLKFKKNYYIISLSWFVATFVILIFFGSLLVISSSFDQLQLMCSIINLLIIATIFRWQATLLMTVTGVFASIEFYKYFMDEKLLISIDSFQFKVVYFLTLFSSLLIVFLKPRQEQERLVNLKNTHLGNRVNYREQELEKLLDLKHEFLRNINHEINTPLTGIISLGETLWANYDKFNEDQRRNAVEIIAKSSIRLNSLINNILDFSKLSSLNYELNKEDINLSELLHERIKICKKLYLNGKTLNFISDIEENIIFNCDPHYIKHTFDNLIINAISYCSEGIIKIDLHMQENNILFSIKDDGIGVLKEELQSIFGVFVVSYKTRTPAGGRGVGLALCKKVIELHAGKIWAENDKLGETTFIFTMPYTR,GCF_000696365.1-REISMN_RS03910,GCF_000696365.1
RR,wTg6aJSzGDS3uD8MFxDA-A,"{'RR': 1, 'Trans_reg_C': 1}",LIVDDDSRILALLKQFLNKNEFLVSTVSSVIEAKNLLKTSNYDLIILDVMLPEITGLDFATTIRDAGNNIPIVMLTALSEADDRVKGLEAGASDYITKPFEPRELLLRIN,8,118,19874771,MHTYKAHILIVDDDSRILALLKQFLNKNEFLVSTVSSVIEAKNLLKTSNYDLIILDVMLPEITGLDFATTIRDAGNNIPIVMLTALSEADDRVKGLEAGASDYITKPFEPRELLLRINNLINNYNNFKKETNIIKFGNNFYNSDTKEFTKNNQIVSLSSTEQKLLEILIKNSGKSTSRFELSKIMGGLSMRSIDVQITRIRSKIEDNPKEPKYLKTVRNEGYALYI,GCF_000696365.1-REISMN_RS02215,GCF_000696365.1
HK,WnXfLrNRI6VsxXd5m7bIYQ,{'HK_CA': 1},RTTMLAMISHDLRTPLTRMKLQLELMEKSEEIKGLKQDILTMQQMINSYLDFAKGESTEEFEEILLLPWMEHLLNKWSHVDIEFIKSINLDKLEVRIKPNSFERALSNLIGNAIKYGTKIKISSKDNSSTVAIIIEDNGPGIDDTEKHLVFKPFYRSDKARQLDNASNVGLGLAITKEIINDHKGSIYLEDSKDLGGLSVRIEIPK,272,478,19874770,MRAMHFISKLLQHISKSFRQDEFKSEPAQRIKIREHRRVLKNSLVSSSLKYALPRTLLVRFMFIIIIPILIGQIVAIFLFYDRHWYNVSYYTSTIIINEIESLIKEHRNNSREITHLSENYLNLSYQFQLSKKLSIKQPKLSEPLTIFKNILATKIHEKNIVKLNKENKIEVFLELKDGILYITFPAKLLLNPTVYIFVLWIISLTVILLSVSIIFSKNQIKSILTLADSMDKFGQGVLKGKNFKPSGALEIRKAGLAFLKMKARIEKQITKRTTMLAMISHDLRTPLTRMKLQLELMEKSEEIKGLKQDILTMQQMINSYLDFAKGESTEEFEEILLLPWMEHLLNKWSHVDIEFIKSINLDKLEVRIKPNSFERALSNLIGNAIKYGTKIKISSKDNSSTVAIIIEDNGPGIDDTEKHLVFKPFYRSDKARQLDNASNVGLGLAITKEIINDHKGSIYLEDSKDLGGLSVRIEIPKI,GCF_000696365.1-REISMN_RS02210,GCF_000696365.1
RR,kylGZmSTSx-qXHr_VlP2Dg,"{'RR': 2, 'GGDEF': 1}",LLINDDVVQAKNIKQMLLKITQNVKVISNSDELDIINEYTPDLVIISSMLENDDPLRISVILRGKAEISGVVIISQIDEDGMPLVVKGIELGINDYFVYPIEESELLARIR,154,265,19874602,MTTILVVDDIETNIKLLTAKLLKEYYTVLTANSGKEALAILKKEKIDIILLDVMMPEMDGFEVCKTIKTDPETTHIPVVMVTALSDIDDRVKGLEAGADEFLTKPINDTALFVRLKSLSRMKSLINELKLRNNTNALLGVTNIEMHDIFADKKILLINDDVVQAKNIKQMLLKITQNVKVISNSDELDIINEYTPDLVIISSMLENDDPLRISVILRGKAEISGVVIISQIDEDGMPLVVKGIELGINDYFVYPIEESELLARIRTQLRRKQYQDNLRNDLEQSVNLAAKDGLTGLFNRRYFDIHLKQMIEKANKESIKLYLLMCDIDNFKHVNDTYGHQAGDKVLTIVSRILKNTLRITDLIARFGGEEFIILLTDIDISKAIETAERVRVKIECMDFHIEDQIEPLKKTISIGVTEYKKEESIESFIERADKAMYEAKTTGKNKVVKL,GCF_000696365.1-REISMN_RS01425,GCF_000696365.1
HK,V_SdxYgyqy-SiuEPPtcVqg,{'HK_CA': 1},NTKFFANISHELRTPLNAIIGFSEILMSERDAEKSKNYIKDINDAGKHLLSMINDILDLSKASADKLKVDSIDLDLNKLISSSLILVKPRADQAEVALISRLPKEHVVIKADPKRLKQVFLNLLSNAVKFTNSGGSVTIALEKDELAKLVYIKVIDTGIGIEEKDIPKTLSAFGQIDSELSRKYEGTGLGLPLTKKLVELMNGKFDLQSKINEGTTITITFTYDG,268,493,19874588,MNHNKYIVRLSFIILFLNIVINMMFYRYFMIKEMIVKQVALEHTKIVELYTDNIWNTHQNVISKLHKFDYLKLLQDQDFINFAKITAQWFTNLNINISIYDLKGNKFITSNMLHMYSVDNYKDDSLVEIVTAKIDKFFLKSFTSKAPLQDAFEGITSHILLPRVVIENESDLTVGEASFVTSYIPVIDNNLDFPVDAVFEINTNITSQWQNITSLEQKVFIAFIIIFIIFCTIIISNTNYARQIIEEQLETNRNLKAQIVKLEKTSSSNTKFFANISHELRTPLNAIIGFSEILMSERDAEKSKNYIKDINDAGKHLLSMINDILDLSKASADKLKVDSIDLDLNKLISSSLILVKPRADQAEVALISRLPKEHVVIKADPKRLKQVFLNLLSNAVKFTNSGGSVTIALEKDELAKLVYIKVIDTGIGIEEKDIPKTLSAFGQIDSELSRKYEGTGLGLPLTKKLVELMNGKFDLQSKINEGTTITITFTYDGSIEI,GCF_000696365.1-REISMN_RS01370,GCF_000696365.1
HK,7w1ey0HbYrlICDm-IGk1xg,{'HK_CA': 1},NTKFFANISHELRTPLNAIIGFSEILMSERDAEKSKNYIKDINDAGKHLLSMINDILDLSKASADKLKVDSIDLDLNKLISSSLILVKPRADQAEVALISKLPKEHVVIKADPKRLKQVFLNLLSNAVKFTNSGGSVTIALEKDELAKLVYIKVIDTGIGIEEKDIPKTLSAFGQIDSKLSRKYEGTGLGLPLTKKLVELMNGKFDLQSKINEGTTITITFTYDG,268,493,17872723,MNHNKYIVRLSFIILFLNIVINMMFYRYFMIKEMIVKQVALEHTKIVELYTDNIWNTHQNVISKLHKFDYLKLLQDQDFINFAKITAQWFTNLNINISLYDLKGNKFITSNMLHMYSVDNYKDDSLVEIFTAKIDKFFLKSFTSKAPLRDAFEGITSHILLPRVVIENESDLTVEEASFVTSYIPVIDNNLDFPVDAVFEINTNITSQWQNITSLEQKVFITFIIIFIIFCTIIISNTNYARQIIEEQLETNRNLKDQIVKVEKTRSSNTKFFANISHELRTPLNAIIGFSEILMSERDAEKSKNYIKDINDAGKHLLSMINDILDLSKASADKLKVDSIDLDLNKLISSSLILVKPRADQAEVALISKLPKEHVVIKADPKRLKQVFLNLLSNAVKFTNSGGSVTIALEKDELAKLVYIKVIDTGIGIEEKDIPKTLSAFGQIDSKLSRKYEGTGLGLPLTKKLVELMNGKFDLQSKINEGTTITITFTYDGSIEI,GCF_000828125.2-SB78_RS03965,GCF_000828125.2
HK,kdGVcGuWYxtIs5HU2SxB_A,"{'SSF': 1, 'HK_CA': 1}",KHEFLRNINHEINTPLTGIISLGETLWANYDKFNEDQRRGAVEIIAKNSIRLNSLINNILDFSKLSSLNYELNKEDINLSELLHERIKICKKLYLNGKTLNFVSDIEENIIFNCDPHYIKHTFDNLIINALSYCSEGIIKIDLQKQKDSILFSIKDDGIGVPKEELQSIFGVFVVSSKTRTPAGGRGVGLALCKKVIELHAGKIWAENDKQGKTKFIFTMPL,692,914,17872686,MPNIDILIFTSFLAINLLVGLLNIKNIREYAIGKRNFSTGTIVATLIATWIGTSTFLIDNSRIYTDGLFYLLPSIFGSVVSWLLISYFIAPRFENFLGSLSAAEIIGEAYGNKVRILTSIVSILMSIGRIAMQFHVASLILQLFFNISNFYIDLCIATVIISYSAFGGVKSVTFTEAVQFFTYSAIIPVIGIVVWNVFSDPHIVIDSNVQTRLTDLQGLFHYTSPKFWISLNIFIYFAIPSLDPSIFQRILMAKDTKQISKTFFISAIICLCLSALFIWIVILLLSQDPSVNTNELFLRIIKSYIGFKGLIVGVIMAMIISSTNSYINVAAVTFTNDIIKKISLKYNYITAITIGLIGFIILLYTKDLINLFLLLTSIYLPLITLPLILLIYGFKSSAKSFFIGMIAAILTIILWQVFSLRAVLGIYPILPATIVNLLFFLGSHYILKQPGGFNSLKEPLAVKIIKQERKRKFLTLFRDLKNFNIFKYWESTLPNQEITYSYVGIFILISMFSSLYTTSGSRIMNYLEIYNIIYHTTLITAAILITYPLWSLKFKKNYIISLSWFVATFVILIFFGSLLVISNSFDQLQLMCSIINLLIIATIFRWQATLLMTVTGVFSSIEFYKYFMDKKLLISIDSFQFKVVYFLTLFSSLLIVFLKPRQEQERLVNLKNTHLGNRVNYREQELEKLLDLKHEFLRNINHEINTPLTGIISLGETLWANYDKFNEDQRRGAVEIIAKNSIRLNSLINNILDFSKLSSLNYELNKEDINLSELLHERIKICKKLYLNGKTLNFVSDIEENIIFNCDPHYIKHTFDNLIINALSYCSEGIIKIDLQKQKDSILFSIKDDGIGVPKEELQSIFGVFVVSSKTRTPAGGRGVGLALCKKVIELHAGKIWAENDKQGKTKFIFTMPL,GCF_000828125.2-SB78_RS03790,GCF_000828125.2
RR,zhYSMWFplvK8O4Y2UnnGDg,"{'RR': 1, 'HTH_8': 1, 'Sigma54_activat': 1}",LIVDDEESIRNLIAANLKDEGFNPKVATNSTQALKILSEKPVSAVILDIWLQGSEIDGLGILEIVKKRYPLMPVIIISGHGTIETAVNAIKMGAYDYIEKPFNNDKLVILLK,6,118,17872527,MSQLDVLIVDDEESIRNLIAANLKDEGFNPKVATNSTQALKILSEKPVSAVILDIWLQGSEIDGLGILEIVKKRYPLMPVIIISGHGTIETAVNAIKMGAYDYIEKPFNNDKLVILLKRACEVTKLKRENIDLKSKIIDKTELVGGCSVTLKYKMEIEKAASSSSRIMIHGKVGSGKELAARLIHKQSKRVNNPFIIFSPTCMTTEKINQELFGESEKQENNTKRPTILEFANNGTLYIDEVSNIPIPIQVKLLKFLKDQTITKPCGKNIKVDIKIITGTSKNIQDEVNNGKFLEDLYYRLNVSSLKVPSLYERKEDIPLLVKYFVKQLSKFSGLKERNFADETIAALQSYEWPGNIRQLRNVVEWTLIMNPLTTGNNEIIKPYMIPSEILANSANLTKLEDSFDMLSMPLREAREVFERQYLSAQMSRFNNNISKTSSFVGMERSALHRKLKLLSLHIPPTNRINEEEYEEANA,GCF_000828125.2-SB78_RS03065,GCF_000828125.2
HK,Sx18lLided4KTRSYs4Zg3Q,"{'HAMP': 1, 'HK_CA': 1}",WSDVAKKVAHEIKNPLTPILLASERLLKKFSPEIKEKAEFENYLKMIIRHTNDIKNIVSEFVLFARLPAPKFTKSELVYLVKYIVEARKLLNDNILYKFESNVDQFDFMCDATQINQVMINLLKNAEESIEGQESGKIEVTIDAKDDFISVIVIDNGKGFPPELIGKATESYVTTSSKGMGVGLAIVKRIVEEHCGILDIANREEEGAIIDIKFDLKE,371,589,17872482,MLSYLKQNLRSYFSSRVLIFTLAIAAIIFACTTFYVISLESKNFSTIIGFLLVDLAIFLILGVLLTQKFFTQNSNNDSSKLQNRIVIAFSLVAAIPTIIVSVFSVYFFNLSVQAWFDKKISTVLDQSVIVAESYIAEHKLQLKETALAVAEDLSDMYYDLIHNPALFTKTLNTEAEMRSLDEAIVLNKSTNTIVANSYLSFSLSFATIPAHLIKKADLGEPVEVKSDPTKIRMLIKLKEYNDVYLLVGRLVDNKIIDHVDATNGAAAEYNSLKNEIDNIQIKFSIMFIFIALLLLFVAISFGVIFTAKIVKPIKKLVTATDKVKDGDLTVQVPENEVDKDEIGTLYAAFNRMIKQLSRQQRDLVIAQRAMAWSDVAKKVAHEIKNPLTPILLASERLLKKFSPEIKEKAEFENYLKMIIRHTNDIKNIVSEFVLFARLPAPKFTKSELVYLVKYIVEARKLLNDNILYKFESNVDQFDFMCDATQINQVMINLLKNAEESIEGQESGKIEVTIDAKDDFISVIVIDNGKGFPPELIGKATESYVTTSSKGMGVGLAIVKRIVEEHCGILDIANREEEGAIIDIKFDLKELDLKAERQKIGLK,GCF_000828125.2-SB78_RS02860,GCF_000828125.2
RR,sj2ZjN5T02x73qWI3O6Biw,"{'RR': 1, 'Trans_reg_C': 1}",LLIEDEPEMANLIELTLASEGIVCDKASVGVEGLRLGKVGGYDLVILDLMLPDINGFEILLRLRAAKIKTPILILSSLTDTDQKITGFSSGADDYLTKPFVREELIARIK,3,113,17872266,MRVLLIEDEPEMANLIELTLASEGIVCDKASVGVEGLRLGKVGGYDLVILDLMLPDINGFEILLRLRAAKIKTPILILSSLTDTDQKITGFSSGADDYLTKPFVREELIARIKAIVRRSKGHAASVFRFDKVSVNLDTRTVEVDSKKVHLTNKEYAILELLILRRGTILTKEMFLNHLYSSVDEPEMKIIDVFICKLRKKLSDAAGGRDYIDTVWGRGYMLKEYDELQQKEILAQGA,GCF_000828125.2-SB78_RS01910,GCF_000828125.2
RR,GskvymzwnwUSIKPuTZquIg,"{'RR': 2, 'GGDEF': 1}",LLINDDVVQAKNIKQMLLKITQNVKVISNSDELDIINEYTPDLVIISSTLENEDPLRISVILRGKAEISGVVIILQIDEDGMPLVVKGIELGINDYFIYPIEESELLARIR,154,265,17872033,MTTILVVDDIETNIKLLTAKLLKEYYTVLTANSGKETLAILKKGKIDIILLDVMMPEMDGFEVCKTIKTDPETTHIPVVMVTALSDIDDRVKGLEAGADEFLTKPINDTALFVRLKSLSRMKSLIDELKLRNSTNALLGVTNIEMHDTFADKKILLINDDVVQAKNIKQMLLKITQNVKVISNSDELDIINEYTPDLVIISSTLENEDPLRISVILRGKAEISGVVIILQIDEDGMPLVVKGIELGINDYFIYPIEESELLARIRTQLRRKQYQDNLRNDLEQSVNLAAKDGLTGLFNRRYFDIHLKQMIEKANKESIKLYLLMCDIDNFKHVNDTYGHQAGDKVLTIVSRILKNTLRVTDLIARFGGEEFTILLTDIDISKAIETAERVRVKIEYMDFHIEDQIEPLKKTISIGVTKYKKEESIESFIERADKAMYEAKTTGKNKVVKL,GCF_000828125.2-SB78_RS00865,GCF_000828125.2
RR,qit4iQNRILI_HlS3KSj8lQ,"{'RR': 1, 'Trans_reg_C': 1}",LIVDDDSRILALLKQFLNKNEFLVSTASSVIEAKNLLKTSNYDLIILDIMLPEITGIDFATTIRDAGNNIPIVMLTALSEADDRVKGLEAGASDYITKPFEPRELLLRIN,8,118,17872014,MYTYKAHILIVDDDSRILALLKQFLNKNEFLVSTASSVIEAKNLLKTSNYDLIILDIMLPEITGIDFATTIRDAGNNIPIVMLTALSEADDRVKGLEAGASDYITKPFEPRELLLRINNLINNYNNFKKETNIIKFGNNFYNFDTKEFTKNDQIISLSSTEQKLLEILIKNSGKSTSRFELSKIMGGLSMRSIDVQITRIRSKLEDNPKEPKYLKTVRNEGYALYI,GCF_000828125.2-SB78_RS00785,GCF_000828125.2
HK,_h5aQG-8s9Czu46SetM9xQ,{'HK_CA': 1},RTTMLAMISHDLRTPLTRMKLQLELMEGSEEIKGLKQDILTMQQMINSYLDFAKGESTEEFEEILLLPWIEHFLNKWSHVDIEFIKLNNIDNSKVRIKPNSFERALSNLIGNAIKYGTKIKISLTDNPSTVAIIIEDNGIGIDDTEKHLVFKPFYRSDKARQLDNASNVGLGLAITKEIINDHKSSIYLEDSKDLGGLSVRIEIPK,230,436,17872013,MRAMHFISKLLPRTLFVRFMFIIIIPILIGQIVAIFLFYDRHWYNVSYYTSTIIINEIESLIKEHRNNSREITHLSENYLNLSYQFQLNKKLSIKQPKLSEPLTIFKNILATKIHEKNIVKLNKENKIEVFLELKDGILYITFPAKLLLNPTVYIFVLWIISLTVILLSVSIIFSKNQIKSIITLADSMDKFGRGVLKGKNFKPSGALEIRKAGLAFLKMKARIEKQITKRTTMLAMISHDLRTPLTRMKLQLELMEGSEEIKGLKQDILTMQQMINSYLDFAKGESTEEFEEILLLPWIEHFLNKWSHVDIEFIKLNNIDNSKVRIKPNSFERALSNLIGNAIKYGTKIKISLTDNPSTVAIIIEDNGIGIDDTEKHLVFKPFYRSDKARQLDNASNVGLGLAITKEIINDHKSSIYLEDSKDLGGLSVRIEIPKI,GCF_000828125.2-SB78_RS00780,GCF_000828125.2
RR,q0OKgSnlXppNcrmOxVHfHA,"{'RR': 1, 'HTH_8': 1, 'Sigma54_activat': 1}",LIVDDEESIRNLIAANLKDEGFNPKVAANSTQALKILSEKPVSAVILDIWLQGSEIDGLGILEIIKKRYPLMPVIIISGHGTIETAVNAIKMGAYDYIEKPFNNDKLVILLT,6,118,13277226,MSQLDVLIVDDEESIRNLIAANLKDEGFNPKVAANSTQALKILSEKPVSAVILDIWLQGSEIDGLGILEIIKKRYPLMPVIIISGHGTIETAVNAIKMGAYDYIEKPFNNDKLVILLTRACEVTKLKRENIDLKSKVIDKTELVGGCSVTFKYKMEIEKAASSSSRIMIHGKVGSGKELAARLIHKQSKRINNPFIIFSPTCMTTEKINQELFGESEKQANNNKRPTILEFANNGTLYIDEVSNIPIPIQVKLLKFLKDQTITKPCGKNIKVDIKIITGTSKNIQDEVNNGKFLEDLYYRLNVSSLKVPSLYERKEDIPLLVKYFVKQLSKFSGLKERSFADETIAALQSYEWPGNIRQLRNVVEWTLIMNPLTTGNNEIIKPYMIPSEILANSANLTKLEDSFDMLSMPLREAREVFERQYLSAQMSRFNNNISKTSSFVGMERSALHRKLKLLSLHIPPTNRINAEEYEEADA,GCF_001975185.1-RRIM16_RS04960,GCF_001975185.1
HK,w1-WHGkwuaR7XUVbAXDbbg,{'HK_CA': 1},KTTMLAMISHDLRTPLTRMKLQLELMEESEEIEGLKQDILTMQQMINSYLDFAKGESTEEFEDILLLPWMERFFNKWSHVNIEFIKSTNLDKLEVRIKPNSFERALSNLIGNAIKYGTKIKISSKDNSSTVAIIIEDNGPGIDDTETHLVFKPFYRSDKARQLDNASNVGLGLAITKEIINDHKGSIYLEDSKDLGGLSVRIEIPK,272,478,13277165,MRAMHFISKLLQHISKSFRQDEFKSEPAQRIKIREHRRVLKNSLVSSSLKYALPRTLFVRFMFIIIIPILIGQIIAIFLFYDRHWYNVSYYTSTIIINEIESLIKKHRNNSREITHLSENYLNLSYQFQLNKKLSIKQPKLGEPLTIFKNILATKIHEKNIVKLNKENKIEVFLELKDGVLYITFPAKLLLNPTVYIFVLWIISLTVILLSVSIIFSKNQIKSILTLADSMDKFGRGILKGKNFKPSGALEIRKAGLAFLKMKARIEKHITKKTTMLAMISHDLRTPLTRMKLQLELMEESEEIEGLKQDILTMQQMINSYLDFAKGESTEEFEDILLLPWMERFFNKWSHVNIEFIKSTNLDKLEVRIKPNSFERALSNLIGNAIKYGTKIKISSKDNSSTVAIIIEDNGPGIDDTETHLVFKPFYRSDKARQLDNASNVGLGLAITKEIINDHKGSIYLEDSKDLGGLSVRIEIPKI,GCF_001975185.1-RRIM16_RS04645,GCF_001975185.1
RR,sNoRYR1RRE788AxcQZUaEw,"{'RR': 1, 'Trans_reg_C': 1}",LIVDDDSRILALLKQFLNKNAFLVSTANSVIEAKNLLKTSNYDLIILDVMLPEITGLDFATTIRDAGNNIPIVMLTALSEADDRVKGLEAGASDYITKPFEPRELLLRIN,8,118,13277164,MHTYKTHILIVDDDSRILALLKQFLNKNAFLVSTANSVIEAKNLLKTSNYDLIILDVMLPEITGLDFATTIRDAGNNIPIVMLTALSEADDRVKGLEAGASDYITKPFEPRELLLRINNLINNYNNFKKETNIIKFGNNFYNSDTKEFTKNNQIVSLSSTEQKLLEILIKNSGKSTSRFELSKIMGGLSMRSIDVQITRIRSKIEDNPKEPKYLKTVRNEGYALYI,GCF_001975185.1-RRIM16_RS04640,GCF_001975185.1
HK,_3oJQEWDTAFJ9C_Seuntlg,{'HK_CA': 1},NTKFFANISHELRTPLNAIIGFSEILMSERDAEKSKNYIKDINDAGKHLLSMINDILDLSKASADKLKVDSIDLDLNKLISSSLILVKPRADQAEVALISRLPKEHVVIKADPRRLKQVFLNLLSNAVKFTNSGGSVTIALEKDELAKLVYIKVIDTGIGIEEKDIPKTLSVFGQIDSELSRKYEGTGLGLPLTKKLVELMNGKFDLQSKINEGTTITITFTYDG,268,493,13276593,MNHNKYIVRLSFIILFLNIVINMMFYRYFMIKEMIVKQVALEHTKIVELYTDNIWNTHQNVISKLHKFDYLKLLQDQDFINFAKITAQWFTNLNINISLYDLKGNKFITSNMLHMYSVDNYKDDSLVEIVTAKIDKFFLKSFTSKAPLRDAFEGITSHILLPRVVIENESDLTVEEASFVTSYIPVIGNNLDFPVDAVFEINTNITSQWQNITSLEQKVFITFIIIFIIFCTIIISNTNYARQIIEEQLETNRNLKAQIVKVEKTSSSNTKFFANISHELRTPLNAIIGFSEILMSERDAEKSKNYIKDINDAGKHLLSMINDILDLSKASADKLKVDSIDLDLNKLISSSLILVKPRADQAEVALISRLPKEHVVIKADPRRLKQVFLNLLSNAVKFTNSGGSVTIALEKDELAKLVYIKVIDTGIGIEEKDIPKTLSVFGQIDSELSRKYEGTGLGLPLTKKLVELMNGKFDLQSKINEGTTITITFTYDGSIEI,GCF_001975185.1-RRIM16_RS01780,GCF_001975185.1
HK,YuZyG9mLxy-NCn10UjYHaQ,"{'HAMP': 1, 'HK_CA': 1}",WSDVAKKVAHEIKNPLTPILLASERLLKKFSPEIKERVEFENYLKMIIRHTNDIKNIVSEFVLFARLPAPKFTKSELVYLVKHIVEARKLLNDNILYKFESNVEQFDFMCDATQINQVMINLLKNAEESIEGRESGKIEVTIDAKDDFISVIVTDNGKGFPPELIGKATESYVTTSSKGMGVGLAIVKRIVEEHCGILDIANREEDGAIIDIKFDLKE,370,588,13277340,MLSYLKQNLRSYFSSRVLIFTSTAAIIFACATFYVISLESKNFSTIIGFLLVDLAIFLILGVLLTQKFFTKNNNNDSSKLQNRIVIAFSLVAAIPTIIVSVFSVYFFNLSVQAWFDKKISTVLDQSVIVAESYIAEHKLQLKETALAVAEDLSDMYYDLIHNPALFTKTLNTEAEMRSLDEAIVLNKSTNTIVANSYLSFSLSFATIPAHLIKKADLGEPVEVKSDPTKIRMLIKLKEYNDVYLLVGRLVDNKIIDHVDATNGAAAEYNSLKNEIDNIQIQFSIMFIFIALLLLFVAISFGVIFTAKIVKPIKKLVIATDKVKDGDLTVQVPENEVDKDEIGTLYLAFNRMIKQLSRQQRDLVIAQRAMAWSDVAKKVAHEIKNPLTPILLASERLLKKFSPEIKERVEFENYLKMIIRHTNDIKNIVSEFVLFARLPAPKFTKSELVYLVKHIVEARKLLNDNILYKFESNVEQFDFMCDATQINQVMINLLKNAEESIEGRESGKIEVTIDAKDDFISVIVTDNGKGFPPELIGKATESYVTTSSKGMGVGLAIVKRIVEEHCGILDIANREEDGAIIDIKFDLKELDLKAKRLEM,GCF_001975185.1-RRIM16_RS05530,GCF_001975185.1
RR,jAzM4GYSYA05Ww3N3rCU_g,"{'RR': 1, 'Trans_reg_C': 1}",LLIEGEPEMANLIELTLASEGIVCDKASVGVEGLRLGKVGGYDLVILDLMLPDINGFEILLRLRAAKIKTPILILSSLTDTDQKITGFSSGADDYLTKPFVREELIARIK,3,113,13276370,MRVLLIEGEPEMANLIELTLASEGIVCDKASVGVEGLRLGKVGGYDLVILDLMLPDINGFEILLRLRAAKIKTPILILSSLTDTDQKITGFSSGADDYLTKPFVREELIARIKAIVRRSKGHAASVFRFDKVSINLDTRSVEVDGKKVHLTNKEYAILELLILRRGTILTKEMFLNHLYSSVDEPEMKIIDVFICKLRKKLSDAAGGRDYIDTVWGRGYMLKEYDELQQKEILAQGA,GCF_001975185.1-RRIM16_RS00650,GCF_001975185.1
RR,QbHuL-YUA8gwJ-X8hiviNA,"{'RR': 2, 'GGDEF': 1}",LLIHDDVVQAKNIKQMLLKITQNVKVISNSDELDIINEYTTDLVIISSTLENDDPLRISVILRGKAEINGVVIILQIDEDGMPLVVKGIELGINDYFVYPIEASELLARIR,154,265,13276606,MTTILVVDDIEPNIKLLTAKLLKEYYTVLTANSGKEALAILKKEKIDIILLDVMMPEMDGFEVCKTIKTDPETTHIPVVMVTALSDIDDRVKGLEAGADEFLTKPINDTALFVRLKSLSRMKSLIDELKLRNSTNALLGVTNIEMHDTFADKKILLIHDDVVQAKNIKQMLLKITQNVKVISNSDELDIINEYTTDLVIISSTLENDDPLRISVILRGKAEINGVVIILQIDEDGMPLVVKGIELGINDYFVYPIEASELLARIRTQLKRKQYQDNLRNDLEQSVNLAAKDALTGLFNRRYFDIHLKQMIEKANKESIKLYLLMCDIDNFKHVNDTYGHQAGDKVLTIVSRILKNTLRVTDLIARFGGEEFTILLTDIDISKAIETAERVRVKIEYMDFHIEDQIEPLKKTISIGVTKYKKEESIESFIERADKAMYEAKTTGKNKVVKL,GCF_001975185.1-RRIM16_RS01850,GCF_001975185.1
RR,wcpiEk6ouo1v_ilB38jtcA,"{'RR': 2, 'GGDEF': 1}",LLINDDVVQTKNIKQMLLKITQNVKVISNSDELDIINEYTPDLVIISSMLENDDPLRISVILRGKAEISGVVIILQIDEDGMPLVVKGIELGINDYFVYPIEESELLARIR,154,265,12627721,MTTILVIDDIETNIKLLTAKLLKEYYTVLTANSGKEALAILKKGKIDIILLDVMMPEMDGFEVCKTIKTDPETTHIPVVMVTALSDIDDRVKGLEAGADEFLTKPINDTALFVRLKSLSRMKSLIDELKLRNSTNALLGVTNIEMHDTFADKKILLINDDVVQTKNIKQMLLKITQNVKVISNSDELDIINEYTPDLVIISSMLENDDPLRISVILRGKAEISGVVIILQIDEDGMPLVVKGIELGINDYFVYPIEESELLARIRTQLRRKQYQDNLRNDLEQSVNLAAKDGLTGLFNRRYFDIHLKQMIEKANKESIKLYLLMCDIDNFKHVNDTYGHQAGDKVLTIVSRILKNTLRVTDLIARFGGEEFTILLTDIDISKAIETAERVRVKIEYMDFHIEDQIEPLKKTISIGVTEYKKEESIESFIERADKAMYEAKTTGKNKIVKL,GCF_000751075.1-MB29_RS05955,GCF_000751075.1
HK,eJ_dm-OOG4moLQhrXUDZ6w,{'HK_CA': 1},NTKFFANISHELRTPLNAIIGFSEILMSERDAEKSKNYIKDINDAGKHLLSMINDILDLSKASADKLKVDSIDLDLNKLISSSLILVKPRANQAEVALISRLPKEHVVIKADPKRLKQVFLNLLSNAVKFTNSGGSVTIALEKDELAKLVYIKVIDTGIGIEEKDIPKTLSAFGQIDSELSRKYEGTGLGLPLTKKLVELMNGKFDLQSKINEGTTITITFTYDG,268,493,12627707,MNHNKYIVRLSFIILFLNIVINMMFYRYFMIKEMIVKLVALEHTKIVELYTDNIWNTHQNVISKLHKFDYLKLLQDQDFINFAKITAQWFTNLNINISLYDLKGNKFITSNMLHMYSVDNYKDDSLVEIVTAKIDKFFLKSFTSKAPLQDAFEGITSHILLPRVVIENESDLTVEKASFVTSYIPVIDNNLDFPVDVVFEINTNITSQWQNITSLEQKVFITFIIIFIIFCTIIISNTNYARQIIEEQLETNRNLKAQIVKVEKTSSSNTKFFANISHELRTPLNAIIGFSEILMSERDAEKSKNYIKDINDAGKHLLSMINDILDLSKASADKLKVDSIDLDLNKLISSSLILVKPRANQAEVALISRLPKEHVVIKADPKRLKQVFLNLLSNAVKFTNSGGSVTIALEKDELAKLVYIKVIDTGIGIEEKDIPKTLSAFGQIDSELSRKYEGTGLGLPLTKKLVELMNGKFDLQSKINEGTTITITFTYDGSIEI,GCF_000751075.1-MB29_RS05885,GCF_000751075.1
RR,OvD3TTQenFBLu5srsEjXWQ,"{'RR': 1, 'Trans_reg_C': 1}",LLIEDEPEMANLIELTLASEGIVCDKASVGVEGLRLGKVGGYDLVILDLMLPDINGFEILLRLRAAKIKTPILILSSLTDTDQKITGFSSGADDYLTKPFVREELIARIK,3,113,12627481,MRVLLIEDEPEMANLIELTLASEGIVCDKASVGVEGLRLGKVGGYDLVILDLMLPDINGFEILLRLRAAKIKTPILILSSLTDTDQKITGFSSGADDYLTKPFVREELIARIKAIVRRSKGHAASVFRFDKVSVNLDTRSVEVDGKKVHLTNKEYAILELLILRRGTILTKEMFLNHLYSSVDEPEMKIIDVFICKLRKKLSDAAGGRDYIDTVWGRGYMLKEYDELQQKEILAQGV,GCF_000751075.1-MB29_RS04850,GCF_000751075.1
HK,CxEM80IJvNYPTmr_qjjUEw,"{'HAMP': 1, 'HK_CA': 1}",WSDVAKKVAHEIKNPLTPILLASERLLKKFSPEIKERAEFESYLKMIIRHTNDIKNIVSEFVLFARLPAPKFTKSELVYLVKHIVEARKLLNDNILYKFESNVDQFDFMCDATQINQVMINLLKNAEESIEGRKSGKIEVTIDAKDDFISVIVIDNGKGFPPELIGKATESYVTTSSKGMGVGLAIVKRIVEEHCGILDIANREEEGAIIDIKFDLKE,372,590,12626885,MLSYLKQNLHSYFSSRMLIFTLIAAAVIFACATSYVISLESKNFSTIIGFLLVDLAIFLILGVLLTQKFFTKNNNNNDSSKLQNRIVIAFSLIAAIPTIIVSVFSVYFFNLSVQAWFDKKISTVLDQSVIVAESYIAEHKLQLKETALAVAEDLSDMYYDLIHNPALFTKTLNTEAEMRSLDEAIVLNKSTNTIVANSYLSFSLSFATIPAHLIKKADLGEPVEVKSDPTKIRMLIKLKEYNDVYLLVGRLVDNKIIDHVDATNGAAAEYNSLKNEIDNIQIKFSIMFIFIALLLLFVAISFGVIFTAKIVKPIKKLVTATDKVKDGDLTVQVPENEVDKDEIGTLYAAFNRMIKQLSRQQRDLVIAQRAMAWSDVAKKVAHEIKNPLTPILLASERLLKKFSPEIKERAEFESYLKMIIRHTNDIKNIVSEFVLFARLPAPKFTKSELVYLVKHIVEARKLLNDNILYKFESNVDQFDFMCDATQINQVMINLLKNAEESIEGRKSGKIEVTIDAKDDFISVIVIDNGKGFPPELIGKATESYVTTSSKGMGVGLAIVKRIVEEHCGILDIANREEEGAIIDIKFDLKELDLKVGRSGG,GCF_000751075.1-MB29_RS02125,GCF_000751075.1
RR,emaTr7g3_y6IGqC7G5l1cA,"{'RR': 1, 'HTH_8': 1, 'Sigma54_activat': 1}",LIVDDEESIRNLIAANLKDEGFNPKVAANSTQALKILSEKPVSAVILDIWLQGSEIDGLGILEIIKKRYPLMPVIIISGHGTIETAVNAIKMGAYDYIEKPFNNDKLVILLK,6,118,12626751,MSQLDVLIVDDEESIRNLIAANLKDEGFNPKVAANSTQALKILSEKPVSAVILDIWLQGSEIDGLGILEIIKKRYPLMPVIIISGHGTIETAVNAIKMGAYDYIEKPFNNDKLVILLKRACEVTKLKRENIDLKSKVIDKTELVGGCSVTLKYKMEIEKAASSSSRIMIHGKVGSGKELAARLIHKQSKRVNNPFIIFSPTCMTTEKINQELFGESEKQENNKRPTILEFANNGTLYIDEVSNVPIPIQVKLLKFLKDQTITKPCGKNIKVDIKIITGTSKNIQDEVNNGKFLEDLYYRLNVSSLKVPSLYERKEDIPLLVKYFVKQLSKFSGLKERSFADETIAALQSYEWPGNIRQLRNVVEWTLIMNPLTTGNNDIIKPYMIPSEILANSANLTKLEDSFDMLSMPLREAREVFERQYLSAQMSRFNNNISKTSSFVGMERSALHRKLKLLSLHIPPTNRINEEEYEEANA,GCF_000751075.1-MB29_RS01530,GCF_000751075.1
HK,_q4cOC02nzhbeaGHbnzdBw,"{'SSF': 1, 'HK_CA': 1}",KHEFLRNINHEINTPLTGIISLGETLWANYDKFNEDQRRNAVEIIAKSSTRLNSLINNILDFSKLSSLNYELNKEDINLSELLHERIKICKKLYLNGKTLNFISDIEENIIFNCDPHYIKHTFDNLIINAISYCSEGIIKIDLHMQENNILFSIKDDGIGVLKEELQSIFGVFVVSSKTRTPAGGRGVGLTLCKKVIELHAGKIWAENDKLGKTTFIFTMPYTR,699,923,12626653,MPNIDLLIFTSFLAINLLVGLLNIKNIKNIREYAIGKRNFSTGTIVATLIATWIGTSTFLIDNSRIYTDGLFYLLPSIFGSIVSWLLISYFIAPCFENFLGSLSAAEIIGEAYGNKVRILTSIVSILMSIGRIAMQFHVASLILQLFFNISNFYIDLCIVTVIISYSAFGGVKSVTFTEAVQFFTYSAIIPVIGIVVWNVFSDPHIVIDSNVQTRLTDLQGLFHYTSPKFWISLNIFIYFAIPSLGPSIFQRVLMAKDTKQISKTFFISTIICLCLSVLFIWIVILLLSQEPSVDTNELFLRIIKSYIGFKGLIVGVIMAMIISSTNSYINVAAVTFTNDIIKKASLNYNYITAITIGLIGFIISLYTKDLINLFLLLTSIYLPLITLPLILLIYGFKSSAKSFFIGMIAAILTIILWQIFSLRAVLGIYPILPATIVNLLFFLGSHYILKQPGGFSSLKEPLAVKIIRQERKRKFLTLFRDLKNFNIFKYWEGTLPNQEITYSYVGIFILISMFSSLYTTPGSRIMNHLDIYNIYNIIYHTTLITAAILITYPLWSLKFKKNYYIISLSWFVATFVILIFFGSLLVISSSFDQLQLMCSIINLLIIATIFRWQATLLMTVTGVFASIEFYKYFMDEELLISIDSFQFKVVYFLTLFSSLLIVFLKPRQEQERLVNLKNTHLGNRVNYREQELEKLLDLKHEFLRNINHEINTPLTGIISLGETLWANYDKFNEDQRRNAVEIIAKSSTRLNSLINNILDFSKLSSLNYELNKEDINLSELLHERIKICKKLYLNGKTLNFISDIEENIIFNCDPHYIKHTFDNLIINAISYCSEGIIKIDLHMQENNILFSIKDDGIGVLKEELQSIFGVFVVSSKTRTPAGGRGVGLTLCKKVIELHAGKIWAENDKLGKTTFIFTMPYTR,GCF_000751075.1-MB29_RS01065,GCF_000751075.1
RR,4R8uce8BLCNzYLnXGg_qWQ,"{'RR': 1, 'Trans_reg_C': 1}",LIVDDDSRILALLKQFLNNNEFLVSTASSVIEAKNLLKTSNYDLIILDVMLPEITGLDFATTIRDAGNNIPIVMLTALSEADDRVKGLEAGASDYITKPFEPRELLLRIN,8,118,12626461,MHTYKAHILIVDDDSRILALLKQFLNNNEFLVSTASSVIEAKNLLKTSNYDLIILDVMLPEITGLDFATTIRDAGNNIPIVMLTALSEADDRVKGLEAGASDYITKPFEPRELLLRINNLINNYNNFKKETNIIKFGNNFYNSDTKEFTKNNQIVSLSSTEQKLLEILIKNSGKSTSRFELSKIMGGLSMRSIDVQITRIRNKIEDNPKEPKYLKTVRNEGYALYI,GCF_000751075.1-MB29_RS00180,GCF_000751075.1
HK,9JmuETN7o2Zcw8tA34vcbQ,{'HK_CA': 1},RTTMLAMISHDLRTPLTRMKLQLELMEESEEIKGLKQDILTMQQMINSYLDFAKGESTEEFEEILLLPWMEHLLNKWSHVDIEFIKSTNLDKLEVRIKPNSFERALSNLIGNAIKYGTKIKISSKDNSSTVAIIIEDNGPGIDDTEKHLVFKPFYRSDKARQLDNASNVGLGLAITKEIINDHKGSIYLEDSKDLGGLSVRIEIPK,272,478,12626460,MRAMHFISKLLQYISKSFRQDEFKSEPAQRIKIREHRRVLKNSLVSSSLKYALPRTLFVRFMFIIIIPILIGQIVAIFLFYDRHWYNVSYYTSTIIINEIESLIKEHRNNSREITHLSENYLNLSYQFQLSKKLSIKQPKLSEPLTIFKNILATKIHEKNIVKLNKENKIEVFLELKDGILYITFPAKLLLNPTVYIFVLWIISLTVILLSVSIIFSKNQIKSILTLADSMDKFGQGVLKGKNFKPSGALEIRKAGLAFLKMKARIEKQITKRTTMLAMISHDLRTPLTRMKLQLELMEESEEIKGLKQDILTMQQMINSYLDFAKGESTEEFEEILLLPWMEHLLNKWSHVDIEFIKSTNLDKLEVRIKPNSFERALSNLIGNAIKYGTKIKISSKDNSSTVAIIIEDNGPGIDDTEKHLVFKPFYRSDKARQLDNASNVGLGLAITKEIINDHKGSIYLEDSKDLGGLSVRIEIPKI,GCF_000751075.1-MB29_RS00175,GCF_000751075.1
RR,mU7rwag5l7bHECJD5PpTaQ,{'RR': 1},AHIAKYKIDVIILGIDLEEVDGIKICTRLKQNPSTTYIPVVMIAEKEDTDIRIQAFNAGADELITYPINIIVFT,1,75,5240526,MAHIAKYKIDVIILGIDLEEVDGIKICTRLKQNPSTTYIPVVMIAEKEDTDIRIQAFNAGADELITYPINIIVFTS,GCF_000012145.1-RF_RS08290,GCF_000012145.1
RR,mU7rwag5l7bHECJD5PpTaQ,{'RR': 1},AHIAKYKIDVIILGIDLEEVDGIKICTRLKQNPSTTYIPVVMIAEKEDTDIRIQAFNAGADELITYPINIIVFT,1,75,5240457,MAHIAKYKIDVIILGIDLEEVDGIKICTRLKQNPSTTYIPVVMIAEKEDTDIRIQAFNAGADELITYPINIIVFTS,GCF_000012145.1-RF_RS08260,GCF_000012145.1
RR,zm9IOBBpmQ2evY4S7SqYVA,"{'RR': 2, 'GGDEF': 1}",LLINDDVVQAKNIKQMLLKITQNVKVISNSDELDIINEYTPDFVIISSTLENEDPLRISVILRGKAEISGVVIILQIDEDGMPLVVKGIELGINDYFVYPIEESELLARIR,154,265,5240058,MTTILVVDDIETNIKLLTAKLLKEYYTVLTANSGKEALAILKKEKIDTILLDVMMPEMDGFEVCKTIKTDPETTHIPVVMVTALSDIDDRVKGLEAGADEFLTKPINDIALFVRLKSLSRMKSLIDELKLRNSTNALLGVTNIEMHDTFADKKILLINDDVVQAKNIKQMLLKITQNVKVISNSDELDIINEYTPDFVIISSTLENEDPLRISVILRGKAEISGVVIILQIDEDGMPLVVKGIELGINDYFVYPIEESELLARIRTQLRRKQYQDNLRNDLEQSVNLAAKDGLTGLFNRRYFDIHLKQMIEKANKESIKLYLLMCDIDNFKHVNDTYGHQAGDKVLTIVSRILKNTLRVTDLIARFGGEEFTILLTDIDISKAIETAERVRVKIEYMDFHIEDQIEPLKKTISIGVTEYKKEESIESFIERADKAMYEAKTTGKNKVVKL,GCF_000012145.1-RF_RS05600,GCF_000012145.1
HK,jb4-Ajd0E-eRGWU3o_ARhg,{'HK_CA': 1},NTKFFANISHELRTPLNAIIGFSEILMSERDAEKNKNYIKDINDAGKHLLSMINDILDLSKASADKLKVDSIDLDLNKLISSSLILVKPRADQAEVALISRLPKEHVVIKADPKRLKQVFLNLLSNAVKFTNSGGSVTIALEKDELAKLVYIKVIDTGIGIEEKDIPKTLSAFGQIDSELSRKYEGTGLGLPLTKKLVELMNGKFDLQSKINEGTTITITFTYDG,268,493,5239996,MNHNKYIVRLSFIILFLNIVINMMFYRYFMIKEMIVKQVALEHTKIVKLYTDNIWNTHQNVISKLHKFDYLKLLQDQDFINFAKITAQWFTNLNINISLYDLKGNKFITSNMLHMYSVDNYKDDSLVEIFTAKIDKFFLKSFTSKAPLRDAFEGITSHILLPRVVIENESDLTIEEASFVTSYIPVIDNNLDFPVVAVFEINTNITSQWQNITSLEQKVFITFIIIFIIFCTIIISNTNYARQIIEEQLETNRNLKAQIVKVEKTSSSNTKFFANISHELRTPLNAIIGFSEILMSERDAEKNKNYIKDINDAGKHLLSMINDILDLSKASADKLKVDSIDLDLNKLISSSLILVKPRADQAEVALISRLPKEHVVIKADPKRLKQVFLNLLSNAVKFTNSGGSVTIALEKDELAKLVYIKVIDTGIGIEEKDIPKTLSAFGQIDSELSRKYEGTGLGLPLTKKLVELMNGKFDLQSKINEGTTITITFTYDGSIEI,GCF_000012145.1-RF_RS05300,GCF_000012145.1
RR,E786UsjDFHR1haGmr68jWA,"{'RR': 1, 'HTH_8': 1, 'Sigma54_activat': 1}",LIVDDEESIRNLIAANLKDEGFNPKVAANSTQALKILSEKPVSAVILDIWLQGSEIDGLGILEIIKKRYPLMPVIIISGHGTIETAVNAIKMGAYDYIEKPFNNDKLVILLK,6,118,5239891,MSQLDVLIVDDEESIRNLIAANLKDEGFNPKVAANSTQALKILSEKPVSAVILDIWLQGSEIDGLGILEIIKKRYPLMPVIIISGHGTIETAVNAIKMGAYDYIEKPFNNDKLVILLKRACEVTKLKRENIDLKSKVIDKTELVGGCSVTLKYKMEIEKAASSSSRIMIHGKVGSGKELAARLIHKQSKRVNNPFIIFSPTCMTTEKINQELFGESEKQENNTKRPTILEFANNGTLYIDEVSNIPIPIQVKLLKFLKDQTITKPCGKNIKVDIKIITGTSKNIQDEVNNGKFLEDLYYRLNVSSLKVPSLYERKEDIPLLVKYFVKQLSKFSGLKERNFADETIAALQSYEWPGNIRQLRNVVEWTLIMNPLTTGNNEIIKPYMIPSEILANSANLTKLEDSFDMLSMPLREAREVFERQYLSAQMSRFNNNISKTSSFVGMERSALHRKLKLLSLHIPPTNRINEEEYEEANA,GCF_000012145.1-RF_RS04810,GCF_000012145.1
HK,9_y7-gExcVzaQCUsGpX3XQ,{'HK_CA': 1},KHEFLRNINHEINTPLTGIISLSETLWANYDKFNEDQRRSAVEIIAKSSIRLNSLINNILDFSKLSSLNYELNKEDINLSEVLHERIQICKKLYLNGKTLNFVSDIEENIIFNCDPHYIKHTFDNLIINALSYCSEGIIKIDLQKQKDSIVFSIKDDGVGVLKEELQSIFGVFVVSSKTRTPAGGRGVGLALCKKVIELHAGKIWAENDKQGKTQFIFTMPL,102,324,5239795,MCSIINLLIIATIFRWQATLLMTVTGVFASIEFYKYFMDEKLLISIDSFQFKVIYFLTLFSSLLIVFLKPRQEQERLVNLKNTHLGNRVNYRERELEKLLDLKHEFLRNINHEINTPLTGIISLSETLWANYDKFNEDQRRSAVEIIAKSSIRLNSLINNILDFSKLSSLNYELNKEDINLSEVLHERIQICKKLYLNGKTLNFVSDIEENIIFNCDPHYIKHTFDNLIINALSYCSEGIIKIDLQKQKDSIVFSIKDDGVGVLKEELQSIFGVFVVSSKTRTPAGGRGVGLALCKKVIELHAGKIWAENDKQGKTQFIFTMPL,GCF_000012145.1-RF_RS09035,GCF_000012145.1
RR,leUmvrd70oyUmhZJU5kVpQ,"{'RR': 1, 'Trans_reg_C': 1}",LIVDDDSRILALLKQFLNKNEFLVSTASSVIEAKNLLKTSNYDLIILDVMLPEITGLDFATTIRDAGNNIPIVMLTALSEADDRVKGLEAGASDYITKPFEPRELLLRIN,8,118,5239616,MQPHKAHILIVDDDSRILALLKQFLNKNEFLVSTASSVIEAKNLLKTSNYDLIILDVMLPEITGLDFATTIRDAGNNIPIVMLTALSEADDRVKGLEAGASDYITKPFEPRELLLRINNLINNYNNFKKETNIIKFGNNFYNFDTKEFTKNDQIISLSSTEQKLLEILIKNSGKSTSRFELSKIMGGLSMRSIDVQITRIRSKLEDNPKEPKYLKTVRNEGYALYI,GCF_000012145.1-RF_RS03520,GCF_000012145.1
HK,Fvl7f0deodJ-7Y4xyA-Qmw,{'HK_CA': 1},RTTMLAMISHDLRTPLTRMKLQLELMEGSEEIKGLKQDILTMQQMINSYLDFAKGESTEEFEEILLLPWIEHFLNKWSHVDIEFIKLNNIDNSKVRIKPNSFERALSNLIGNAIKYGNKIKISLTDNSSTVTIIIEDNGPGIDDTEKHLVFKPFYRSDKARQLDNASNVGLGLAITKEIINDHKSSIYLEDSKDLGGLSVRIEIPK,230,436,5239615,MRAMHFISKLLPRTLFVRFMFIIIIPILIGQIVAIFLFYDRHWYNVSYYTSTIIINEIESLIKEHRNNSREIIHLSENYLNLSYQFQLNKKLSIKQPKLSEPLTIFKNILATKIHEKNIVKLNKENKIEVFLELKDGILYITFPAKLLLNPTVYIFVLWIISLTVILLSISIIFSKNQIKSIITLADSMDKFGRGVLKGKNFKPSGALEIRKAGLAFLKMKARIEKQITKRTTMLAMISHDLRTPLTRMKLQLELMEGSEEIKGLKQDILTMQQMINSYLDFAKGESTEEFEEILLLPWIEHFLNKWSHVDIEFIKLNNIDNSKVRIKPNSFERALSNLIGNAIKYGNKIKISLTDNSSTVTIIIEDNGPGIDDTEKHLVFKPFYRSDKARQLDNASNVGLGLAITKEIINDHKSSIYLEDSKDLGGLSVRIEIPKI,GCF_000012145.1-RF_RS03515,GCF_000012145.1
HK,s9tBJzVA0spYYRHxb7KUTQ,"{'HAMP': 1, 'HK_CA': 1}",WSDVAKKVAHEIKNPLTPILLASERLLKKFSPEIKEKEEFENYLKMIIRHTNDIKNIVSEFVLFARLPAPKFTKSELVYLVKHIVEARKLLNDNILYKFESNVDQFDFMCDATQINQVMINLLKNAEESIEGRESGKIEVTIDAKDDFISVIVIDSGKGFPPELIGKATESYVTTSSKGMGVGLAIVKRIVEEHCGILDIANREEEGAIIDIKFDLKK,371,589,5239351,MLSYLKKNLRSYFSSRVLIFTLAIAAIIFACATFYVISLESKNFSTIIGFLLVDLAIFLILGVLLTQKFFTQNSNNDSSKLQNRIVIAFSLVAAIPTIIVSVFSVYFFNLSVQAWFDKKISTVLDQSVIVAESYIAEHKLQLKETALAVAEDLSDMYYDLIHNPALFTKTLNTEAEMRSLDEAIVLNKSTNTIVANSYLSFSLSFATIPAHLIKKADLGEPVEVKSDPTKIRMLIKLKEYNDVYLLVGRLVDNKIIDHIDATNGAAAEYNSLKNEIDNIQIKFSIMFIFIALLLLFVAISFGVIFTAKIVKPIKKLVTATDKVKDGDLTVQVPENEVDKDEIGTLYAAFNRMIKQLSRQQRDLVIAQRAMAWSDVAKKVAHEIKNPLTPILLASERLLKKFSPEIKEKEEFENYLKMIIRHTNDIKNIVSEFVLFARLPAPKFTKSELVYLVKHIVEARKLLNDNILYKFESNVDQFDFMCDATQINQVMINLLKNAEESIEGRESGKIEVTIDAKDDFISVIVIDSGKGFPPELIGKATESYVTTSSKGMGVGLAIVKRIVEEHCGILDIANREEEGAIIDIKFDLKKLDLKVGRSGG,GCF_000012145.1-RF_RS02315,GCF_000012145.1
RR,4P4G5RUfMma6oBLHmK7IcA,"{'RR': 1, 'Trans_reg_C': 1}",LLIEEEPEMANLIELTLASEGIVCDKASVGVEGLRLGKVGGYDLVILDLMLPDINGFEILLRLRAAKIKTPILILSSLTDTDQKITGFSSGTDDYLTKPFVREELIARIK,3,113,5238923,MRVLLIEEEPEMANLIELTLASEGIVCDKASVGVEGLRLGKVGGYDLVILDLMLPDINGFEILLRLRAAKIKTPILILSSLTDTDQKITGFSSGTDDYLTKPFVREELIARIKAIVRRSKGHVASVFRFDKVSVNLDTRTVEVDGKKVHLTNKEYAILELLILRRGTILTKEMFLNHLYSSVDEPEMKIIDVFICKLRKKLSDAAGGRDYIDTIWGRGYMLKEYDELQQKEILAQGA,GCF_000012145.1-RF_RS00300,GCF_000012145.1
HK,rCKzEbIl_uGZxHg0PDcLlg,"{'HAMP': 1, 'HK_CA': 1}",WSDVAKKVAHEIKNPLTPILLASERLLKKFSPEIKERVEFENYLKMIIRHTNDIKNIVSEFVLFARLPAPKFTKSELVYLVKHIVEARKLLNDNILYKFESNVEQFDFMCDATQINQVMINLLKNAEESIEGRESGKIEVTIDVKDDFISVIVTDNGKGFPPELIGKATESYVTTSSKGMGVGLAIVKRIVEEHCGILDIANREAEGAIIDIKFDLKA,371,589,4641073,MLSYLKQNLRSYFSSRVLICTLATAAIIFACATFYVISLESKNFSTIIGFLLVDLAIFLILGVLLTQKFFTKNNNNDSSKLQNRIVIAFSLVAAIPTIIVSVFSVYFFNLSVQAWFDKKISTVLDQSVIVAESYIAEHKLQLKETALAVAEDLGDMYYDLIHNPALFTKTLNTEAEMRSLDEAIVLNKSTNTIVANSYLSFSLSFATIPAHLIKKADLGEPVEVKSDPTTIRMLIKLKEYNDVYLLVGRLVDNKIIDHVDATNGAAAEYNSLKNEIDNIQIKFSIMFIFIALLLLFVAISFGVIFTAKIVKPIKKLVTATDNVKDGDLTVQVPENEVDKDEIGTLYVAFNRMIKQLSRQQRDLVIAQRAMAWSDVAKKVAHEIKNPLTPILLASERLLKKFSPEIKERVEFENYLKMIIRHTNDIKNIVSEFVLFARLPAPKFTKSELVYLVKHIVEARKLLNDNILYKFESNVEQFDFMCDATQINQVMINLLKNAEESIEGRESGKIEVTIDVKDDFISVIVTDNGKGFPPELIGKATESYVTTSSKGMGVGLAIVKRIVEEHCGILDIANREAEGAIIDIKFDLKALDLKAKRLEM,GCF_000283595.1-RJP_RS04805,GCF_000283595.1
RR,N43n7cQWHcX6Onw8VpB8xQ,"{'RR': 1, 'Trans_reg_C': 1}",LIVDDDSRILALLKQFLNKNAFLVSTASSVIEAKNLLKTSNYDLIILDVMLPEITGLDFATTIRDAGNNIPIVMLTALSEADDRVKGLEAGASDYITKPFEPRELLLRIN,8,118,4640711,MHTYKAHILIVDDDSRILALLKQFLNKNAFLVSTASSVIEAKNLLKTSNYDLIILDVMLPEITGLDFATTIRDAGNNIPIVMLTALSEADDRVKGLEAGASDYITKPFEPRELLLRINNLINNYNNFKKETNIIKFGNNFYNADTKEFTKNNQIVSLSSTEQKLLEILIKNSGKSTSRFELSKIMGGLSIRSIDVQITRIRSKIEDNPKEPKYLKTVRNEGYALYI,GCF_000283595.1-RJP_RS03130,GCF_000283595.1
HK,S7scEVPjF5SmJq1ulyQ4yw,{'HK_CA': 1},KTTMLAMISHDLRTPLTRMKLQLELMEESEEIEGLKQDILTMQQMINSYLDFAKGESKEEFEDILLLPWMERFFNKWSHVNIEFIKSTNLDKLEVCIKPNSFERALSNLIGNAIKYGTKIKISSKDNSSTVAIIIEDNGPGIDDTETHLVFKPFYRSDKARQLDNASNVGLGLAITKEIINDHKGSIYLEDSKDLGGLSVRIEIPK,272,478,4640710,MRAMHFISKLLQHISKSFRQDEFKSEPTQRIKIREHRRVLKNSLVSSSLKYALPRTLFVRFMFIIIIPILIGQIVAIFLFYDRHWYNVSYYTSTIIINEIESLIKEHRNNSREITHLSENYLNLSYQFQLNKKLSIKQPKLGEPLTIFKNILATKIHEKNIVKLNKENKIEVFLELKDGVLYITFPAKLLLNPTVYIFVLWIISLTVILLSVSIIFSKNQIKSILTLADSMDKFGRGVLKGKNFKPSGALEIRKAGLAFLKMKARIEKQITKKTTMLAMISHDLRTPLTRMKLQLELMEESEEIEGLKQDILTMQQMINSYLDFAKGESKEEFEDILLLPWMERFFNKWSHVNIEFIKSTNLDKLEVCIKPNSFERALSNLIGNAIKYGTKIKISSKDNSSTVAIIIEDNGPGIDDTETHLVFKPFYRSDKARQLDNASNVGLGLAITKEIINDHKGSIYLEDSKDLGGLSVRIEIPKI,GCF_000283595.1-RJP_RS03125,GCF_000283595.1
RR,V09_1DXZpmFy8OuAKw_Zrg,"{'RR': 2, 'GGDEF': 1}",LLINDDVVQAKNIKQILLKLTQNVKVISNSDELDIINEYTPDLVIISSTLENDDPLRISVILRGKAEISGVVIILQIDEDCMPLVVKGIELGINDYFVYPIEESELLARIR,154,265,4640398,MTTILVVDDIEPNIKLLTAKLLKEYYTVLTANSGKKALAILKKGTIDIILLDVMMPEMDGFEVCKTIKTDPETTHIPVVMVTALSDIDDRVKGLEAGADEFLTKPINDTALFVRLKSLSRMKSLIDELKLRNSTNALLGVTNIAIHDTCADKKILLINDDVVQAKNIKQILLKLTQNVKVISNSDELDIINEYTPDLVIISSTLENDDPLRISVILRGKAEISGVVIILQIDEDCMPLVVKGIELGINDYFVYPIEESELLARIRTQLRRKQYQDNLRNDLEQSVNLAAKDGLTGLFNRRYFDIHLKQMIEKTNKESIKLYLLMCDIDNFKHINDTYGHQAGDKVLTIVSRILKNTLRVTDLIARFGGEEFTILLTDIDISKAIETAERVRVKIEYMNFHIEDQIEPLKTTISIGVTKYKKEESIESFIERADKAMYEAKTTGKNKVVKL,GCF_000283595.1-RJP_RS01730,GCF_000283595.1
HK,6RR2AcLl7zDGXvKkjkj78A,{'HK_CA': 1},NTKFFANISHELRTPLNAIIGFSEILMSERDAEKSKNYIKDINDAGKHLLSMINDILDLSKASADKLKVDSIDLDLNKLISSSLILVKPRADQAEVALISRLPKEHVVIKADPKRLKQVFLNLLSNAVKFTNSGGSVTIALEKDELAKLVYIKVIDTGIGIEEKDIPKTLSAFGQIDSELSRKYEGTGLGLPLTKKLVELMDGKFDLQSKINEGTTITITFTYDG,268,493,4640385,MNHNKYIVRLSFIILFLNIVINMMFYRYFMIKEMIVKQVALEHTKIVELYTDNIWNTHQNVISKLHKFDYLKLLQDQDFINFAKITAQWFTNLNINISLYDLKGNKFITSNMLHMYSVDNYKDDSLVEIVTAKIDKFFLKSFTSKAPLRDAFEGITSHILLPRVVIENESDLTVEEASFVTSYIPVINNNLDFPVDAVFEINTNITSQWQNITSLEQKVFITFIIIFIIFCTIIISNTNYARQIIEEQLETNRNLKAQIVKLEKTSSSNTKFFANISHELRTPLNAIIGFSEILMSERDAEKSKNYIKDINDAGKHLLSMINDILDLSKASADKLKVDSIDLDLNKLISSSLILVKPRADQAEVALISRLPKEHVVIKADPKRLKQVFLNLLSNAVKFTNSGGSVTIALEKDELAKLVYIKVIDTGIGIEEKDIPKTLSAFGQIDSELSRKYEGTGLGLPLTKKLVELMDGKFDLQSKINEGTTITITFTYDGSIEI,GCF_000283595.1-RJP_RS01670,GCF_000283595.1
RR,OiMv6q7kMUXiQDcv6CEwLg,"{'RR': 1, 'Trans_reg_C': 1}",LLIEGEPEMANLIELTLASEGIVCDKASVGVEGLRLGKVGGYDLVILDLMLPDINGFEILLRLRAAKIKTPILILSSLTDTYQKITGFSSGADDYLTKPFVREELIARIK,3,113,4640158,MRVLLIEGEPEMANLIELTLASEGIVCDKASVGVEGLRLGKVGGYDLVILDLMLPDINGFEILLRLRAAKIKTPILILSSLTDTYQKITGFSSGADDYLTKPFVREELIARIKAIVRRSKSHAASVFRFDKVSINLDTRSIEVDGKKVHLTNKEYAILELLILRRGTILTKEMFLNHLYSSVDEPEMKIIDVFICKLRKKLSDAAGGRDYIDTVWGRGYMLKEYDELQQKEILAQGA,GCF_000283595.1-RJP_RS00590,GCF_000283595.1
HK,ZOXizN880rCRZrHlso949Q,{'HK_CA': 1},RTTMLAMISHDLRTPLTRMKLQLELMEESEEIKGLKQDILTMQQMINSYLDFAKGESTEEFEEILLLPWMEHLLNKWSHVDIEFIKSTNLDKLEVRIKPNSFERALSNLIGNAIKYGTKIKISSKDNSSTVAIIIEDNGPGIDDMEKHLVFKPFYRSDKARQLDNASNVGLGLAITKEIINDHKGSIYLEDSKDLGGLSVRIEIPK,230,436,4639430,MRAMHFISKLLPRTLFIRFMFIIIIPILIGQIVAIFLFYDRHWYNVSYYTSTIIINEIESLIKEHRNNSREITHLSENYLNLSYQFQLSKKLSIKQPKLSEPLTIFKNILATKIHEKNIVKLNQDNKIEVFLELKDGILYITFPAKLLLNPTVYIFVLWIISLTVILLSVSIIFSKNQIKSILTLADSMDKFGRGILKGKNFKPSGALEIRKAGLAFLKMKARIEKQITKRTTMLAMISHDLRTPLTRMKLQLELMEESEEIKGLKQDILTMQQMINSYLDFAKGESTEEFEEILLLPWMEHLLNKWSHVDIEFIKSTNLDKLEVRIKPNSFERALSNLIGNAIKYGTKIKISSKDNSSTVAIIIEDNGPGIDDMEKHLVFKPFYRSDKARQLDNASNVGLGLAITKEIINDHKGSIYLEDSKDLGGLSVRIEIPKI,GCF_000255355.1-RHEL_RS05240,GCF_000255355.1
RR,OX-Dd9QqOaFO78mjAMc7Cg,"{'RR': 1, 'Trans_reg_C': 1}",LIVDDDSRILALLKQFLNKNEFLVSTASSVIEAKNLLKTSNYDLIILDVMLPEITGLDFATTIRDAGNNVPIVMLTALSEADDRVKGLEAGASDYITKPFEPRELLLRIN,8,118,4639429,MHTYKAHILIVDDDSRILALLKQFLNKNEFLVSTASSVIEAKNLLKTSNYDLIILDVMLPEITGLDFATTIRDAGNNVPIVMLTALSEADDRVKGLEAGASDYITKPFEPRELLLRINNLINNYNNFKKETNIIKFGNNFYNSNTKEFTKNNQIVSLSSTEQKLLEILINNSGKSTSRFELSKIMGGLSMRSIDVQITRIRSKIEDNPKEPKYLKTVRNEGYALYI,GCF_000255355.1-RHEL_RS05235,GCF_000255355.1
HK,vaUo39ijBkn5RrCo-9nz7A,{'HK_CA': 1},NTKFFTNISHELRTPLNAIIGFSEILMSERDAEKNKNYIKDINDAGKHLLSMINDILDLSKASADKLKVDSIDLDLNKLISSSLILVKPRADQAKVVLISRLPKEHVVIKADPKRLKQVFLNLLSNAVKFTNSGGSVTITLEKDELAKLVYIKVIDTGIGIEEKDIPKTLSEFSQIDSELSRKYEGTGLGLPLTKKLVELMNGKFDLQSKINEGTTITITFTYDD,268,493,4639758,MNHNKYIVRLSFIILFLNIVINMMFYRYFMIKEMIVKQVALEHTKIVELYTDNIWNTHQNVISKLHKFDYLKLLQDQDFINFAKITAQWFTNLNINISLYDLKGNKFITSNMLHMYSVDNYKDDSLVEIVTAKIDKFFLKSFTSKAPLRDAFKGITSHVLLPRVIIENESDLTVEEASFVTSYIPVIDNNLDFPVDAVFEINTNITSQWQNITSLEQKVFITFIIIFIIFCTIIISNTNYARQVIEEQLETNRNLKAQIVKVEKTRSSNTKFFTNISHELRTPLNAIIGFSEILMSERDAEKNKNYIKDINDAGKHLLSMINDILDLSKASADKLKVDSIDLDLNKLISSSLILVKPRADQAKVVLISRLPKEHVVIKADPKRLKQVFLNLLSNAVKFTNSGGSVTITLEKDELAKLVYIKVIDTGIGIEEKDIPKTLSEFSQIDSELSRKYEGTGLGLPLTKKLVELMNGKFDLQSKINEGTTITITFTYDDSIEI,GCF_000255355.1-RHEL_RS06845,GCF_000255355.1
RR,-lCl0yQnIGjTpiGJfMMnEA,"{'RR': 2, 'GGDEF': 1}",LLINDDIVQAKNIKQMLLKITQNVKVISNSDELDIINEYTPDLVIISSTLENEDPLRISVILRGKAEISGVVIILQIDEDGMPLVVKGIELGINDYFVYPIEESELLARIR,154,265,4639746,MTTILIVDDIETNIKLLTAKLLKEYYTVLTANSGKEALAILKKGKIDIILLDVMMPEMDGFEVCKTIKTDPETTHIPVVMVTALSDIDDRVKGLEAGADEFLTKPINDTALFVRLKSLSRMKSLIDELKLRNNTNALLGVTNIEMHDTCTDKKILLINDDIVQAKNIKQMLLKITQNVKVISNSDELDIINEYTPDLVIISSTLENEDPLRISVILRGKAEISGVVIILQIDEDGMPLVVKGIELGINDYFVYPIEESELLARIRTQLRRKQYQDNLRNDLEQSVNLAAKDSLTGLFNRRYFDIHLKQMIEKANKESIKLYLLMCDIDNFKHVNDTYGHQAGDKVLTIVSRILKNTLRVTDLIARFGGEEFTILLTDIDISKAIETAERVRVKIEYMDFHIEDQIEPLKKTISIGVTEYKKEESIESFIERADKAMYEAKTTGKNQVVKL,GCF_000255355.1-RHEL_RS06780,GCF_000255355.1
HK,dL3mG58W9Wrnkrwsgeoc1g,"{'HAMP': 1, 'HK_CA': 1}",WSDVAKKVAHEIKNPLTPILLASERLLKKFSPEIKERAEFESYLKMIIRHTNDIKNIVSEFVLFARLPAPKFTKSELVYLVKHIVEARKLLNDNILYKFESNVDQFDFMCDATQINQVMINLLKNAEESIEGRESGKIEVTIDVKDDFTSVIVTDNGKGFPPELIGKATESYVTTSSKGMGVGLAIVKRIVEEHCGILDIANREEEGAIIDIKFDLKE,371,589,4639021,MLSYLKQNLHSYFSSRMLIFTLIAAAVIFACATSYVISLESKNFSTIIGFLLVDLAIFLILGVLLTQKFFTKNNNNDSSKLQNRIVIAFSLVAAIPTIIVSVFSVYFFNLSVQAWFDKKISTVLDQSVIVAESYIAEHKLQLKETALAVAEDLSDMYYDLIHNPVLFTKTLNTEAEMRSLDEAIVLNKSTNTIVANSYLSFSLSFATIPAHLIKKADLGEPVEVKSDPTKIRMLIKLKEYNDVYLLVGRLVDNKIIDHIDATNGAAAEYNSLKNEIDNIQIKFSIMFIFIALLLLFVAISFGVIFTAKIVNPIKKLVTATDKVKDGDLTVQVPENEVDKDEIGTLYAAFNRMIKQLSRQQRDLVIAQRAMAWSDVAKKVAHEIKNPLTPILLASERLLKKFSPEIKERAEFESYLKMIIRHTNDIKNIVSEFVLFARLPAPKFTKSELVYLVKHIVEARKLLNDNILYKFESNVDQFDFMCDATQINQVMINLLKNAEESIEGRESGKIEVTIDVKDDFTSVIVTDNGKGFPPELIGKATESYVTTSSKGMGVGLAIVKRIVEEHCGILDIANREEEGAIIDIKFDLKELDLKAQR,GCF_000255355.1-RHEL_RS03155,GCF_000255355.1
RR,5smIwa3pbBTohDQJyQMn0A,"{'RR': 1, 'HTH_8': 1, 'Sigma54_activat': 1}",LIIDDEEDIRNIIAAILNDEGFNPKVAANSTQALKILSEKLVSAVILDIWLQGSEIDGLGILEIIKKRYPLMPVIIISGHGTIETAVNAIKMGAYDYIEKPFNNDKLVILLK,6,118,4639123,MSPIDVLIIDDEEDIRNIIAAILNDEGFNPKVAANSTQALKILSEKLVSAVILDIWLQGSEIDGLGILEIIKKRYPLMPVIIISGHGTIETAVNAIKMGAYDYIEKPFNNDKLVILLKRACEVTKLKRENIDLKSKVIDKTELVGGCSVTLKYKMEIEKAASSSSRIMIHGKVGSGKELAARLIHKQSKRVNNPFIIFSPTCMTMEKINQELFGELEKQENNNKRPTILEFANNGTLYIDEVSNIPIPIQVKLLKFLKDQTITKPCGKNIKVDIKIITGTSKNIQDEVNNGKFLEDLYYRLNVSSLKVPSLYERKEDIPLLVKYFVKQLSKFSGLKERTFADETIAALQSYEWPGNIRQLRNVVEWTLIMNPLTTGNNEIIKPYMIPSEILANSANLTKLEDSFDMLSMPLREAREVFERQYLSAQMSRFNNNISKTSSFVGMERSALHRKLKLLNLHIPPINRINEEEYEEANA,GCF_000255355.1-RHEL_RS03685,GCF_000255355.1
RR,LROXje_R6uUr3_-NzMFVxA,"{'RR': 1, 'Trans_reg_C': 1}",LLIEDEPEMANLIELTLASEGIVCDKASVGVEGLRLGKVGGYDLVILDLMLPDINGFEILLRLRAAKIKTPILILSNLTDTDQKITGFSSEADDYLTKPFVREELIARIK,3,113,4638413,MRVLLIEDEPEMANLIELTLASEGIVCDKASVGVEGLRLGKVGGYDLVILDLMLPDINGFEILLRLRAAKIKTPILILSNLTDTDQKITGFSSEADDYLTKPFVREELIARIKAIVRRSKGHAASVFRFDKVSVNLDTRSVEVDGKKVHLTNKEYAILELLILRRGTILTKEMFLNHLYSSVDEPEMKIIDVFICKLRKKLSDAAGGRDYIDTVWGRGYMLKEYDELQQKEILAQGA,GCF_000255355.1-RHEL_RS00075,GCF_000255355.1
RR,oYUuwdkFqWi4GvxsiVU2eg,"{'RR': 1, 'HTH_8': 1, 'Sigma54_activat': 1}",LIVDDEESIRNLIAANLKDEGFNPKVAANSTQALKILSEKPVSAVILDIWLQGSEIDGLGILEIIKKRYPLMPVIIISGHGTIETAVNAIKMGAYDYIEKPFNNDKLVILLT,6,118,4458007,MSQLDVLIVDDEESIRNLIAANLKDEGFNPKVAANSTQALKILSEKPVSAVILDIWLQGSEIDGLGILEIIKKRYPLMPVIIISGHGTIETAVNAIKMGAYDYIEKPFNNDKLVILLTRACEVTKLKRENIDLKSKVIDKTELVGGCSVTLKYKMEIEKAANSSSRIMIHGKVGSGKELAARLIHKQSKRVNNPFIIFSPTCMTTEKINQELFGESEKQANNNKRRPTILEFANNGTLYIDEVSNIPIPIQVKLLKFLKDQTITKPCGKNIKVDIKIITGTSKNIQDEINNGKFLEDLYYRLNVSSLKVPSLYERKEDIPLLVKYFVKQLSKFSGLKERSFADETISALQSYEWPGNIRQLRNVVEWTLIMNPLTTGSKEIIKPYMIPSEILANSTNLTKLEDSFDMLSMPLREAREVFERQYLSAQMSRFNNNISKTSSFVGMERSALHRKLKLLSLHIPPTNRIHEEEYEEANA,GCF_000284075.1-MCC_RS04935,GCF_000284075.1
HK,oQHwve9WPkDwquyixSZVTQ,"{'HAMP': 1, 'HK_CA': 1}",WSDVAKKVAHEIKNPLTPILLASERLLKKFSPEIKERVEFENYLKMIIRHTNDIKNIVSEFVLFARLPAPKFTKSELVYLVKHIVEAHKLLNDNILYKFESNVEQFDFMCDATQINQVMINLLKNAEESIEGRESGKIEVTIDAKDDFISVIVTDNGKGFPPELIGKATESYVTTSSKGMGLGLAIVKRIVEEHCGILDIANREEEGAIIDIKFDLKE,371,589,4458111,MLSYLKQNLRSYFSSRVLIFTLATAAIIFACATFYVISLESKNFSTIIGFLLVDLVIFLILGVLLTQKFFTKNNNNDSSKLQNRIVIAFSLVAAIPTIIVSVFSVYFFNLSVQAWFDKKISTVLDQSVIVAESYIAEHKLQLKETALAVAEDLSDMYYDLIHNPALFTKTLNTEAEMRSLDEAIVLNKSTNTIVANSYLSFSLSFATIPAHLIKKADLGELVEVKSDPTKIRMLIKLKEYNDVYLLVGRLVDNKIIDHVDATNGAAAEYNSLKNEIDNIQIKFSIMFIFIALLLLFVAISFGVIFTAKIVKPIKKLVTATDKVKDGDLTVQVPENEVDKDEIGTLYVAFNRMIKQLSRQQRDLVIAQRAMAWSDVAKKVAHEIKNPLTPILLASERLLKKFSPEIKERVEFENYLKMIIRHTNDIKNIVSEFVLFARLPAPKFTKSELVYLVKHIVEAHKLLNDNILYKFESNVEQFDFMCDATQINQVMINLLKNAEESIEGRESGKIEVTIDAKDDFISVIVTDNGKGFPPELIGKATESYVTTSSKGMGLGLAIVKRIVEEHCGILDIANREEEGAIIDIKFDLKELDLKAKRLEM,GCF_000284075.1-MCC_RS05395,GCF_000284075.1
RR,mCqAdkZHpwBCU4GtD6Wwbg,"{'RR': 1, 'Trans_reg_C': 1}",LIVDDDSRILALLKQFLNKNAFLVSTASSVIEAKNLLKTSNYDLIILDVMLPEITGLDFATTIRDAGNNIPIVMLTALSEADDRVKGLEAGASDYITKPFEPRELLLRIN,8,118,4457706,MHTYKAHLLIVDDDSRILALLKQFLNKNAFLVSTASSVIEAKNLLKTSNYDLIILDVMLPEITGLDFATTIRDAGNNIPIVMLTALSEADDRVKGLEAGASDYITKPFEPRELLLRINNLINNYNNFKKETNIIKFGNNFYNSDTKEFTKNNQIVSLSSTEQKLLEILIKNSGKSTSRFELSKIMGGLSMRSIDVQITRIRNKIEDNPKEPKYLKTVRNEGYALYI,GCF_000284075.1-MCC_RS03625,GCF_000284075.1
HK,To5CzB3Qv-QmLGQvkfCNYQ,{'HK_CA': 1},KTTMLAMISHDLRTPLTRMKLQLELMEESEESKGLKQDILTMQQMINSYLDFAKGESTEEFEDILLLPWMERFFNKWSHVNIEFIKSTNLDKLAVRIKPNSFERALSNLIGNAIKYGTKIKISSKDNSSTVAIIIEDNGPGIDDTETHLVFKPFYRSDKARQLDNASNVGLGLAITKEIINDHKGSIYLEDSKDLGGLSVRIEIPK,272,478,4457705,MKAMHFISKLLQHISKSFRQDEFKSEPAQRIKIREHRRVLKNSLVSSSLKYALPRTLFVRFMFIIIIPILIGQIVAIFLFYDRHWYNVSYYTSTIIINEIESLIKEHRNNSREITHLSENYLNLSYQFQLNKKLSIKQPKLGEPLTIFKNILATKIHEKNIVKLNKENKIEVFLELKDGVLYITFPAKLLLNPTVYIFVLWIISLTVILLSVSIIFSKNQIKSILTLADSMDKFGRGVLKGKNFKPSGALEIRKAGLAFLKMKARIEKQITKKTTMLAMISHDLRTPLTRMKLQLELMEESEESKGLKQDILTMQQMINSYLDFAKGESTEEFEDILLLPWMERFFNKWSHVNIEFIKSTNLDKLAVRIKPNSFERALSNLIGNAIKYGTKIKISSKDNSSTVAIIIEDNGPGIDDTETHLVFKPFYRSDKARQLDNASNVGLGLAITKEIINDHKGSIYLEDSKDLGGLSVRIEIPKI,GCF_000284075.1-MCC_RS03620,GCF_000284075.1
RR,sLUbyWnmlI0XFgl1pry9pg,"{'RR': 2, 'GGDEF': 1}",LLINDDVVQAKNIKQMLLKITQNVKVISNSDELDIINEYTPDLVIISSTLENDDPLRISVILRGKAEISGVVIILQIDEDGMPLVVKGIELGINDYFIYPIEESELLARIR,154,265,4457402,MTTILVVDDIEPNIKLLTAKLLQEYYTVLTANSGKEALAILKKEKIDIILLDVMMPEIDGFEVCKTIKTDPTTTHIPVVMVTALSDIDDRVKGLEAGADEFLTKPINDTALFVRLKSLSRMKSLIDELKLRNSTNALLGVTNIEMHDTFADKKILLINDDVVQAKNIKQMLLKITQNVKVISNSDELDIINEYTPDLVIISSTLENDDPLRISVILRGKAEISGVVIILQIDEDGMPLVVKGIELGINDYFIYPIEESELLARIRTQLKRKQYQDNLRNDLEQSVNLAAKDGLTGLFNRRYFDIHLKQMIEKANKESIKLYLLMCDIDNFKHVNDTYGHQAGDKVLTIVSRILKNTLRVTDLIARFGGEEFTILLTDIDISKAIETAERVRVKIEYMDFHIEDQIEPLKNTISIGVTKYKKEESIESFIERADKAMYEAKTTGKNKVVKL,GCF_000284075.1-MCC_RS02215,GCF_000284075.1
HK,Zkcq7cizGjIGnG1nPmi3gA,{'HK_CA': 1},NTKFFANISHELRTPLNAIIGFSEILMSERDAEKSKNYIKDINDAGKHLLSMINDILDLSKASADKLKVDSIDLDLNKLISSSLILVKPRADQAEVALISRLPKEHVVIKADPKRLKQVFLNLLSNAVKFTNSGGSVTITLEKDELAKLVYIKVIDTGIGIEEKDIPKTLSVFGQIDSELSRKYEGTGLGLPLTKKLVELMNGKFDLQSKINEGTTITITFTYDG,268,493,4457389,MNHNKYIVRLSFIILFLNIVINMMFYRYFMIKEMIVKQVALEHTKIVELYTDNIWNTHQNVISKLHKFGYLKLLQDQDFINFAKITAQWFTSLNINISLYDLKGNKFITSNMLHMYSVDNYKDDSLVEIVTAKIDKFFFKSFTSKAPLRDAFEGITSHILLPRVVIENESDLTVEEASFVTSYIPVIDNNLDFPVAAVFEINTNITSQWQNITSLEQKVFITFIIIFIIFCTIIISNTNYARQIIEEQLETNRNLKARIVKVEKTSSSNTKFFANISHELRTPLNAIIGFSEILMSERDAEKSKNYIKDINDAGKHLLSMINDILDLSKASADKLKVDSIDLDLNKLISSSLILVKPRADQAEVALISRLPKEHVVIKADPKRLKQVFLNLLSNAVKFTNSGGSVTITLEKDELAKLVYIKVIDTGIGIEEKDIPKTLSVFGQIDSELSRKYEGTGLGLPLTKKLVELMNGKFDLQSKINEGTTITITFTYDGSIEI,GCF_000284075.1-MCC_RS02150,GCF_000284075.1
RR,LQWjDnPKJIvRO_2SR3AOWg,"{'RR': 1, 'Trans_reg_C': 1}",LLIEGEPEMANLIELTLASEGIVCDKASVGVEGLRLGKVGGYDLVILDLMLPDINGFEILLRLRAAKIKTPILILSSLTDTDQKITGFSSGADDYLTKPFVREELIARIK,3,113,4457161,MKVLLIEGEPEMANLIELTLASEGIVCDKASVGVEGLRLGKVGGYDLVILDLMLPDINGFEILLRLRAAKIKTPILILSSLTDTDQKITGFSSGADDYLTKPFVREELIARIKAIVRRSKGHAASVFRFDKVSINLDTRSVEVDGKKVHLTNKEYAILELLILRRGTILTKEMFLNHLYSSVDEPEMKIIDVFICKLRKKLSDAAGGRDYIDTVWGRGYMLKEYDELQQKETLAQGA,GCF_000284075.1-MCC_RS01030,GCF_000284075.1
RR,7XeUrJu9tvuaWuOqsXpVbA,"{'RR': 1, 'Trans_reg_C': 1}",LIVDDDTRILALLKQFLNKNEFLVSTAVSAIEAKDLLKTSNYDLIILDVMLPSITGLDFATTIRDAGNNIPIVMLTALSEADDRVKGLEAGASDYVIKPFEPRELLLRIN,8,118,4456190,MQEYKAHILIVDDDTRILALLKQFLNKNEFLVSTAVSAIEAKDLLKTSNYDLIILDVMLPSITGLDFATTIRDAGNNIPIVMLTALSEADDRVKGLEAGASDYVIKPFEPRELLLRINNLINNYNNPKKEKNITKFGNNFYNYNTKEFTKNDQIIPLSSTEQKLLEIFIERLGTSISRLELSKIMGGLSERSIDVQITRIRNKLEDNPKEPKYLKTVRNEGYALYI,GCF_000012385.1-RBE_RS03870,GCF_000012385.1
RR,v9Ifn49DW-x_br89c4iEyQ,"{'RR': 1, 'Trans_reg_C': 1}",LLIEDEPEMANLIELTLASEGIVCDKVSVGLEGLRLGKLGRYDLMILDLMLPDINGFEILLRLRAAKIKTPILILSSLTDTDQKITGFSSGADDYLTKPFVREELIARIK,3,113,4456783,MRVLLIEDEPEMANLIELTLASEGIVCDKVSVGLEGLRLGKLGRYDLMILDLMLPDINGFEILLRLRAAKIKTPILILSSLTDTDQKITGFSSGADDYLTKPFVREELIARIKAIVRRSKGHAASVFRFDKVSVNLDTRSVEIDGKKVHLTNKEYAILELLILRRGTILTKEMFLNHLYSSLDEPEMKIIDVFICKLRKKLSDAAGGKDYIDTVWGRGYMLKEYDENGHKEALAQGA,GCF_000012385.1-RBE_RS06725,GCF_000012385.1
HK,B2KqwSlC0aTJ5XsSFH0naA,"{'HAMP': 1, 'HK_CA': 1}",WSDVAKKVAHEIKNPLTPILLASERLLKKFSPEIKERAEFENYLKMIIRHTNDIKNIVSEFVLFARLPAPKFTNCDLIYVINNIVEARKLLNNNILYSFETNIDQFDFTCDTTQINQVMINLLKNAEESLEGSNQAAIKVNINTSEQFINITVLDNGRGFPPELIGKATESYVTTRSKGMGVGLAIVKRIVEEHCGVLDIANRETGGAVIDIRFNLEE,378,596,4455898,MPKLKIFLFKYLYSKRFIGILVAIAIIFSYFTYYTISIGTKNGAVNSSKVIWFLLIDLIIFLVLGILLTRKFFQSFFFKNSDQNTSKLQNRIVVAFSLAAAIPTIIVSISSAYFLNLSIQAWFDRKISVVLDQSIMVADSYIAEHKVLLRETALAVAEDLSDMYYDLIHNPALFTKTLNTEAEMRSLDEAIVLNKSTNTIIANSYLSFSLSFATIPAHLIKKADSCEPVEVKSDPTKIRMLIKLKEYNDVYLLVGRSIDNKIIDHIDATNGAAAEYHRLKNQIGNIQIKFSIIFIFIALLLLLIAISFGVIVTAKIVNPIKKLVIATDKVKSGDLTVQVPENEVDKDEIGTLYAAFNRMIKQLSRQQRDLVIAQRALAWSDVAKKVAHEIKNPLTPILLASERLLKKFSPEIKERAEFENYLKMIIRHTNDIKNIVSEFVLFARLPAPKFTNCDLIYVINNIVEARKLLNNNILYSFETNIDQFDFTCDTTQINQVMINLLKNAEESLEGSNQAAIKVNINTSEQFINITVLDNGRGFPPELIGKATESYVTTRSKGMGVGLAIVKRIVEEHCGVLDIANRETGGAVIDIRFNLEELKLKVKRHEIGVIS,GCF_000012385.1-RBE_RS02440,GCF_000012385.1
RR,gZhu_sXo3BegwD_NzgyisQ,"{'RR': 2, 'GGDEF': 1}",LLINDDVVQAKNIKQMLLKITSNVKVISNSEETDTINEYKPDLIVISSTLENEDPLRVGAILRGKPEISGVILILQIYEDENGNENQMQLVMKGFELGINDYFVYPIDESELAARIK,155,272,4456433,MSANILIVDDIETNIKLLEAKLLNEYYTVFKASSGKEALNILKKEKVDIVLLDVMMPEMDGFEVCKKIKSDPETTHIPVVMVTALSDVDDRVKGLEAGADEFLTKPINDNALFIRIKSLSRMKSLIDELKIRNSTNALLGGINVEIHDNFADKKILLINDDVVQAKNIKQMLLKITSNVKVISNSEETDTINEYKPDLIVISSTLENEDPLRVGAILRGKPEISGVILILQIYEDENGNENQMQLVMKGFELGINDYFVYPIDESELAARIKTQLRRKQYQDNLRNDLEQSVNLAAKDGLTGLFNRRYFDVHIKQIVEKANKEGMKLYLLMCDIDNFKHVNDTYGHQAGDKVLITTSRILKNTFRVTDLIARFGGEEFTILLNDINIDQAIYTAERVRVKIESMNFQIDEQEKPLKKTVSIGVTEYKKCESIEEFIERSDKAMYEAKTTGKNKVVKL,GCF_000012385.1-RBE_RS05030,GCF_000012385.1
HK,uNWJ9hUxGwmDNfOEMeBEaw,"{'SSF': 1, 'HK_CA': 1}",KHEFLRNINHEINTPLTGIISLGETLWANYDRFSDDQRRNAVEIIAKSSIRLNSLISNILDFSKLSSLGYELNKDNINLSELLHERIKICKKLYLNNKKLEFISEIEENIIFKCDPHYISHTFDNLIINAISYCNDGIIKIDLQKQENNILFTIKDDGIGVPKEELQSIFGVFVVSSKTRTPAGGRGMGLALCKKVIELHGGKIWAENDKQGKTAFVFTMPL,694,916,4455755,MPNIDILIFASFLAINLIVGFADIKNIKNIREYAIGKRNFSTGTIVATLIATWIGTSTFLINNSRIYIDGLFYLLPSILGSVVSWLLIAYFLAPRFEHFLGSRSVAEIMGNAYGNKVRGLTSIVSILMAIGRIAIQFHIASLVLELFFGISNFYVNLCLATFIISYSAFGGVKSVTFTEAVQFFTYSAVIPVIGIIVWNVFSDPTISIDSNVQHHLTDLGMIFNYTNPKFWISLNIFIYFAIPSLGPSIFQRILMAKDIHQISRTFFISAIICLCLSVLFIWIAILLLSQNAVDSSQLFSQITKSYIGFKGLIVGVIMAMIISSTNSYINVATVSFINDICKKTSLRYSYVTAVIIGLIGFVISLYTKDLINIFLLLTSIYLPIITLPLILLIYGFKSTAKTFFIGAVAALLTIIVWQLFSLRQIIGIYPILPAAIINLIFFLGSHYILKQPGGFGSLKEPLSVRLIKQERRRKFLGLFRLIKNFNPLVYWNNTLPRQEITYSYVGIFILISIFSSLYLMPNSRIMNHLNIYNIIYHCTLVTSAILITYPLWPLRFQKKYIISLFWFVANFGILIFFSSLLVLSSNFYQLQLMSSIINLLIIATLFRWHTTLLMTIIGVFVSIEFYKYFMDEKLLVNIDSFQFKVIYFITLFSGLLIVFLRPRQEQERLVNLKNTHLGDRVSFREQELEKLLDLKHEFLRNINHEINTPLTGIISLGETLWANYDRFSDDQRRNAVEIIAKSSIRLNSLISNILDFSKLSSLGYELNKDNINLSELLHERIKICKKLYLNNKKLEFISEIEENIIFKCDPHYISHTFDNLIINAISYCNDGIIKIDLQKQENNILFTIKDDGIGVPKEELQSIFGVFVVSSKTRTPAGGRGMGLALCKKVIELHGGKIWAENDKQGKTAFVFTMPL,GCF_000012385.1-RBE_RS01745,GCF_000012385.1
RR,0filh4yVyf8zNY1kHJxctw,"{'RR': 1, 'HTH_8': 1, 'Sigma54_activat': 1}",LIVDDEEDIRNIIAAILKDEGFNPKVAANSTQALKILAEKPVSAVILDIWLQGSEMDGLGILEVIKKRYPLMPVIIISGHGTIETAVNAIKMGAYDYIEKPFNNDKLVILLK,6,118,4455725,MSLIDVLIVDDEEDIRNIIAAILKDEGFNPKVAANSTQALKILAEKPVSAVILDIWLQGSEMDGLGILEVIKKRYPLMPVIIISGHGTIETAVNAIKMGAYDYIEKPFNNDKLVILLKRACEVTKLKRENIDLKSKVIDKTELVGNSTITLKYKAEIDKAASSSSRIMIHGKVGSGKELTARLIHKKSKRVNNLFIIFSPTCMTLEKINQELFGEAEKQESNNNSNKRPTILEFANNGTLYIDEVSNIPVPIQIKLLKFLKDHTIKKPCGKIVKVDIKIITGTSKNIQEEVNNGRFLEDLYYRLNVSSLKVPSLFERKEDIPLLVKYFVKQLSKFSGLKERVFADETIAALQSYEWPGNIRQLRNVVEWTLIMNPITSGNNEIIKPYMIPSEILANSVNLTKLEDSFDMLSMPLREAREVFERQYLSAQMSRFNNNILKTSSFVGMERSALHRKLKLLSLHIPPTGRINEEEYEEANA,GCF_000012385.1-RBE_RS01590,GCF_000012385.1
HK,fyTZoqzOoHA2QzWHPEwTyg,{'HK_CA': 1},NTKFFANISHELRTPLNAIIGFSEILMSEKDPEKSRNYIKDINDAGKHLLSMINDILDLSKASADKLKVDSIDLDLNKLVSSSLILVKPRADQAGVELVNKSPKEHIVIKADPKRLKQVFLNLLSNAVKFTNAGGSVTITMEKDELAKLVYIKVIDTGIGIEEKDIPKTLSTFGQIDSELSRKYEGTGLGLPLTKKLVELMNGKFDLQSKINEGTTIILTFAYD,269,493,4455641,MNHNKYIVRLSFVVLFLNIVINMMFYRYFMIKEMIVKQVALQNTKIACLYTRNIWNAHENVINKLHKFGYLKLLQDQEFIDFVIITADWFTNLDINISLYDLNGNKFITSNMLNMYSVDNYPDDSLVEIFTAKIDKYFFRSLTAKAPLLSALEGITSHILLPKVIIQNENDLTEKKASFITSYIPIIGSDLNNFPVDAILEINTNITNQWQNIISLEQKVFITFIIIFIIFCTIIVSNTNYARHIIEEQLVTNRNLKAEIIKVEKTSSSNTKFFANISHELRTPLNAIIGFSEILMSEKDPEKSRNYIKDINDAGKHLLSMINDILDLSKASADKLKVDSIDLDLNKLVSSSLILVKPRADQAGVELVNKSPKEHIVIKADPKRLKQVFLNLLSNAVKFTNAGGSVTITMEKDELAKLVYIKVIDTGIGIEEKDIPKTLSTFGQIDSELSRKYEGTGLGLPLTKKLVELMNGKFDLQSKINEGTTIILTFAYDGSIEI,GCF_000012385.1-RBE_RS01190,GCF_000012385.1
HK,2G1skEm4Z9KH0pNpoVtOyQ,"{'HAMP': 1, 'HK_CA': 1}",WSDVAKKVAHEIKNPLTPILLASERLLKKFSPEIKERVEFENYLKMIIRHTNDIKNIVSEFVLFARLPAPKFTKSELVYLVKHIVEARKLLNDNILYKFESNVEQFDFMCDATQINQVMINLLKNAEESIEGRESGKIEVTIDAKDDFISVIVTDNGKGFPPELIGKATESYVTTRSKGMGVGLAIVKRIVAEHCGILDIANREEEGAIIDIKFDLKE,371,589,4454979,MLSYLKQNLRSYFSSRVLIFTLATAAIIFACATFYVISLESKNFSTIIGFLLVDLAIFLIVGVLLTQKFFTKNNNNDSSKLQNRIVIAFSLVAAIPTIIVSVFSVYFFNLSVQAWFDKKISTVLDQSVIVAESYIAEHKLQLKETALAVAEDLSDMYYDLIHNPALFTKTLNTEAEMRSLDEAIVLNKSTNTIIANSYLSFSLSFATIPAHLIKKADLGEPVEVKSDPTKIRMLIKLKEYNDVYLLVGRLVDNKIIDHVDATNGAAAEYNSLKNEIDNIQIKFSIMFIFIALLLLFVAISFGVIFTAKIVKPIKKLVTATDKVKDGDLTVQVPENEVDKDEIGTLYVAFNRMIKQLSRQQRDLVIAQRAMAWSDVAKKVAHEIKNPLTPILLASERLLKKFSPEIKERVEFENYLKMIIRHTNDIKNIVSEFVLFARLPAPKFTKSELVYLVKHIVEARKLLNDNILYKFESNVEQFDFMCDATQINQVMINLLKNAEESIEGRESGKIEVTIDAKDDFISVIVTDNGKGFPPELIGKATESYVTTRSKGMGVGLAIVKRIVAEHCGILDIANREEEGAIIDIKFDLKELDLKAKRLEM,GCF_001273795.1-AL573_RS05650,GCF_001273795.1
RR,VLJlFQAmxxcwPSaT2ZPSSg,"{'RR': 1, 'Trans_reg_C': 1}",LIVDDDSRILALLKQFLNKNALLVSTASSVIEAKNLLKTSNYDLIILDVMLPEITGLDFATTIRDAGNNIPIVMLTALSEADDRVKGLEAGASDYITKPFEPRELLLRIN,8,118,4454488,MHTYEAHILIVDDDSRILALLKQFLNKNALLVSTASSVIEAKNLLKTSNYDLIILDVMLPEITGLDFATTIRDAGNNIPIVMLTALSEADDRVKGLEAGASDYITKPFEPRELLLRINNLINNYNNFKKETNIIKFGNNFYNSDTKEFTKNNQIVSLSSTEQKLLDILIKNSGKSTSRFELSKIMGGLSMRSIDVQITRIRSKIEDNPKEPKYLKTVRNEGYALYI,GCF_001273795.1-AL573_RS03520,GCF_001273795.1
HK,5N-QyT3_d2oimBxJU0-WMg,{'HK_CA': 1},KTTILAMISHDLRTPLTRMKLQLELMEESEEIEGLKQDILTMQQMINSYLDFAKGESIEEFEDILLLPWMERFFNKWSHVNIEFIKSTNLDKLEVRIKPNAFERALSNLIGNAIKYGTKIKISSKDNSSTVAIIIEDNGPGIDDTETHLVFKPFYRSDKARQLDNASNVGLGLAITKEIINDHKGSIYLEDSQDLGGLSVRIEIPK,272,478,4454487,MRAMHFISKLLQHISKSFRQDKFKSEPAQRIKIREHRRVLKNSLVSSSLKYALPRTLFVRFMFIIIIPILIGQIVAIFLFYDRHWYNVSYYTSTIIINEIESLIKEHRNNSREITHLSENYLNLSYQFQLNKQLSIKQPKLGEPLTIFKNILATKIHEKNIVKLNKENKIEVFLELQDGVLYITFPAKLLLNPTVYIFVLWIISLTVILLSVSIIFSKNQIKSILTLADSMDKFGRGVLKDKNFKPSGALEIRKAGLAFLKMKARIEKQITKKTTILAMISHDLRTPLTRMKLQLELMEESEEIEGLKQDILTMQQMINSYLDFAKGESIEEFEDILLLPWMERFFNKWSHVNIEFIKSTNLDKLEVRIKPNAFERALSNLIGNAIKYGTKIKISSKDNSSTVAIIIEDNGPGIDDTETHLVFKPFYRSDKARQLDNASNVGLGLAITKEIINDHKGSIYLEDSQDLGGLSVRIEIPKI,GCF_001273795.1-AL573_RS03515,GCF_001273795.1
RR,MA0cVEoNzhOxtuV5N08APQ,"{'RR': 1, 'HTH_8': 1, 'Sigma54_activat': 1}",LIVDDEESIRNLIAANLKDEGFNPKVAANSTQALKILSEKPVSAVILDIWLQGSEIDGLGILEIIKKRYPLMPVIIISGHGTIETAVNAIKMGAYDYIEKPFNTDKLVILLT,6,118,4454696,MSQLDVLIVDDEESIRNLIAANLKDEGFNPKVAANSTQALKILSEKPVSAVILDIWLQGSEIDGLGILEIIKKRYPLMPVIIISGHGTIETAVNAIKMGAYDYIEKPFNTDKLVILLTRACEVTKLKRENIDLKSKVIDKTELVGGCSVTLKCKMEIEKAASSSSRIMIHGKVGSGKELAARLIHKQSKRVNNPFIIFSPTCMTTEKINQELFGKSEKQANNNKRPTILEFANNGTLYIDEVSNIPIPIQVKLLKFLKDQTITKPCGKNIKVDIKIITGTSKNIQDEVNNGKFLEDLYYRLNVSSLKVPSLYERKEDIPLLVKYFVKQLSKFSGLKERSFADETIAALQSYEWPGNIRQLRNVVEWTLIMNPLTAGNNEIIKPYMIPSEILANSANLTKLEDSFDMLSMPLREAREVFERQYLSAQMSRFNNNISKTSSFVGMERSALHRKLKLLSLHIPPTNRINEEEYEEANA,GCF_001273795.1-AL573_RS04410,GCF_001273795.1
RR,Otum9UfWNNcNGug9m8jVPg,"{'RR': 1, 'Trans_reg_C': 1}",LLIEGETEMANLIELTLASEGIVCDKASVGVEGLRLGKVGGYDLVILDLMLPDINGFEILLRLRAAKIKTPILILSSLTDTDQKITGFSFGADDYLTKPFVREELIARIK,3,113,4453978,MRVLLIEGETEMANLIELTLASEGIVCDKASVGVEGLRLGKVGGYDLVILDLMLPDINGFEILLRLRAAKIKTPILILSSLTDTDQKITGFSFGADDYLTKPFVREELIARIKAIVRRSKDHAASVFRFDKVSINLDTRSVEVDGKKVHLTNKEYAILELLILRRGTILTKEMFLNHLYSSVDEPEMKIIDVFICKLRKKLSDAAGGRDYIDTVWGRGYMLKEYDELQQKEILAQGA,GCF_001273795.1-AL573_RS01210,GCF_001273795.1
RR,SnXydGCW9hCDsWYG4EO4hg,"{'RR': 2, 'GGDEF': 1}",LLINDDVVQAKNIKQMLLKITQNVKVISNSDELDIINEYTPDLVIISSTLENDDPLRISVILRGKTEISGVVIILQIDEDGMPLVVKGIELGINDYFVYPIEESELLARIR,154,265,4454177,MTTILVVDDIEPNIKLLTAKLLKEYYTVLTANSGKEALAILKKGKIDIILLDVMMPEMDGFEVCKTIKTDPETTHIPVVMVTALSDIDDRVKGLEAGADEFLTKPINDTALFVRLKSLSRMKSLIDELKLRNSTNALLGVTNIEMHDTFADKKILLINDDVVQAKNIKQMLLKITQNVKVISNSDELDIINEYTPDLVIISSTLENDDPLRISVILRGKTEISGVVIILQIDEDGMPLVVKGIELGINDYFVYPIEESELLARIRTQLKRKQYQDNLRNDLEQSVNLAAKDGLTGLFNRRYFDIHLKQMIEKANKESIKLYLLMCDIDNFKHVNDTYGHQAGDKVLTIVSRILKNTLRVTDLIARFGGEEFTILLTDIDISKAIETAERVRVKIEYMDFHIEDQIEPLKQTISIGVTKYKKEESIESFIERADKAMYEAKTTGKNKVVKL,GCF_001273795.1-AL573_RS02110,GCF_001273795.1
HK,ZrnS4ceGsxo7wfd9YKZFOQ,{'HK_CA': 1},NTKFFANISHELRTPLNAIIGFSEILMSERDAEKSKNYIKDINDAGKHLLSMINDILDLSKASADKLKVDSIDLDLNKLISSSLILVKPRAAQAEVALISRLPKEHVVIKADPKRLKQVFLNLLSNAVKFTNSGGSVTIALEKDELAKLVYIKVIDTGIGIEEKDIPKTLSAFGQIDSELSRKYEGTGLGLPLTKKLVELMNGKFDLQSKINEGTTITITFTYDG,268,493,4454163,MNHNKYIVRLSFIILFLNIVINMMFYHYFMIKEMIVKQVALEHTKIVELYTDNIWKTHQNVISKLHKFDYLKLLQDQDFINFAKITAQWFTNLNINISLYDLKGNKFITSNMLYMYSVDNYKDDSLVEIVAAKIDKFFFKSFASKAPLRDAFEGITSHILLPRVVIENESDLTVEEASFVTSYIPVIDNNLDFPVDAVFEINTNITSQWQNITSLEQKVFITFIIIFIIFCTIIISNTNYARQIIEEQLETNRNLKAQIVKVEKTSSSNTKFFANISHELRTPLNAIIGFSEILMSERDAEKSKNYIKDINDAGKHLLSMINDILDLSKASADKLKVDSIDLDLNKLISSSLILVKPRAAQAEVALISRLPKEHVVIKADPKRLKQVFLNLLSNAVKFTNSGGSVTIALEKDELAKLVYIKVIDTGIGIEEKDIPKTLSAFGQIDSELSRKYEGTGLGLPLTKKLVELMNGKFDLQSKINEGTTITITFTYDGSIEI,GCF_001273795.1-AL573_RS02045,GCF_001273795.1
HK,CFtz9HUz7REiKtenms4OKg,"{'HK_CA': 1, 'HisKA': 1}",RTTMLAMISHDLRTPLTRMKLQLELMEENEEIKGLKQDILTMQQMINSYLDFAKGESTEKFEEILLLPWMEHFLNKWSHVYSGKMSNGYTKINLEKSKESVNQGAERILICEHPRTYNDDVSNFSSSSNINIEFIKSTNFNKLEVRIKPNSFARALSNLIGNAIKYSTKIKISLKDNSSTVAIIIEDNGPGIDDAEKHFVFKPFYRSDKARQIDNASNVGLGLAITKEIINDHKGSIYLEDSKDLGGLSVSIEIPK,211,467,1660054,MCIIIIPILIGQIVAIFLFYDRHWYNVSYYTSTIIINEIESLIKEHKNNTREITHLSEHYLNLSYQFQLSKKLPIKQPKLSEPLTIFKNILATKIHEKNIVKLNKENKIEVFLELKDGILYITFPAKLLLNPTVYIFVLWIISLTVILLSISIIFSKNQIKSILALADSMDKFGQGVLKGKNFKPSGALEIRKAGLAFLKMKARIEKQITKRTTMLAMISHDLRTPLTRMKLQLELMEENEEIKGLKQDILTMQQMINSYLDFAKGESTEKFEEILLLPWMEHFLNKWSHVYSGKMSNGYTKINLEKSKESVNQGAERILICEHPRTYNDDVSNFSSSSNINIEFIKSTNFNKLEVRIKPNSFARALSNLIGNAIKYSTKIKISLKDNSSTVAIIIEDNGPGIDDAEKHFVFKPFYRSDKARQIDNASNVGLGLAITKEIINDHKGSIYLEDSKDLGGLSVSIEIPKI,GCF_000014345.1-A1E_RS02880,GCF_000014345.1
RR,F2I5RaCsmap-YwJM_4qsYg,"{'RR': 1, 'Trans_reg_C': 1}",LIVDDDSRILALLKQFLNKNEFLVSTANSVIEAKNLLKTSSYDLIILDIMLPEITGLDFATTIRDAGNNIPIVMLTALSEADDRVKGLEAGASDYITKPFEPRELLLRIN,8,118,1660053,MHTYKAHILIVDDDSRILALLKQFLNKNEFLVSTANSVIEAKNLLKTSSYDLIILDIMLPEITGLDFATTIRDAGNNIPIVMLTALSEADDRVKGLEAGASDYITKPFEPRELLLRINNLINNYNNFKKETNIIKFGNNFYNFDTKEFTKNNQIVSLSSTEQKLLEILIKNSSKSISRFELSKIMGGLSMRSIDVQITRIRSKIEDNPKEPKYLKTVRNEGYALYI,GCF_000014345.1-A1E_RS02875,GCF_000014345.1
RR,9U6erE0hO1dWdh2EIjevXA,"{'RR': 1, 'HTH_8': 1, 'Sigma54_activat': 1}",LIVDDEEDIRNIIAAILKDEGFNSKVAANSTQALKILAEKPVSAVILDIWLQGSEIDGLGILEIIKKRYPLMPVIIISGHGTIETAVNAIKMGAYDYIEKPFNNDKLVILLK,6,118,1659852,MSSIDVLIVDDEEDIRNIIAAILKDEGFNSKVAANSTQALKILAEKPVSAVILDIWLQGSEIDGLGILEIIKKRYPLMPVIIISGHGTIETAVNAIKMGAYDYIEKPFNNDKLVILLKRACEVTKLKRENIDLKSKVIDKTELVGGCSVTLKYKMEIEKAASSSSRIMIQGKVGSGKELAARLIHKQSKRVNNPFIIFSPTCMTTEKIDQELFGESEKQENNNKRPTILEFANNGTLYIDEVSNIPIPIQVKLLKFLKNQTITKPCGDSIKVDIKIITGTSKNIQDEVNNGKFLEELYYRLNVFSLKVPSLYERKEDIPLLIKYFVKQLSKFSGLKERPFADDTIAALQSYEWPGNIRQLRNVVEWTLIMNPLTTGNNEIIKPYMIPAEILANSANLTKLEDSVDMLSMPLREAREVFERQYLSAQMSRFNNNISKTSSFVGMERSALHRKLKLLSLHIPPANKINEEEYEDANT,GCF_000014345.1-A1E_RS01970,GCF_000014345.1
RR,fZEBuANbQT6azk9m1nF3AA,"{'RR': 1, 'Trans_reg_C': 1}",LLIEDKPEMANLIELTLASEGIVCDKASVGVEDLRLAKVSGYDLVILDLMLPDINSFEILLRLRAAKIKTPILILSSLTDTDQKITGFSFGADDYLTKPFVREELIARIK,3,113,1659479,MRVLLIEDKPEMANLIELTLASEGIVCDKASVGVEDLRLAKVSGYDLVILDLMLPDINSFEILLRLRAAKIKTPILILSSLTDTDQKITGFSFGADDYLTKPFVREELIARIKAIVRRSKGHVASVFRFDKVSVNLDTRSVEVEGKKVHLTNKEYAVLELLILRRGTILTKEMFLNHLYNSVDEPAIKIIDVFICKLRKKLSDAAGGRDYIDTVWGRGYMLKEYDELQQKEILAQGA,GCF_000014345.1-A1E_RS00325,GCF_000014345.1
HK,gNwYDAecjnn_H-0pikSCgQ,"{'HAMP': 1, 'HK_CA': 1}",SDVAKKVAHEIKNPLTPILLASERLFKKFSPEIKERTEFENYLKMIIRHTNDIKSIVSEFVLFARLPAPKFTKSEIVYLVKHIVEARKLLNDHILYKFESNVDQFDFMCDATQINQVMINLLKNAEESIEGREDGKIEVTIDAKDDFISVIVIDNGKGFPPELIGKATESYVTTSSKGMGVGLAIVKRIVEEHCGVLDIANREEKGAIIDIKFDLKE,372,589,1659761,MLSYFKQNLRSYFSSRMLIFILMASSVIVACATFYVISLESKSFSTIIGFLLVDLAVFLILGILLTQKFFAKNNNNDTSKLQNRIVIAFSLVAAIPTIIVSVFSVYFFNLSVQAWFDKKISTVLDQSVIVAESYIAEHKLQLKETALAVAEDLGDMYYDLIHNPALFTKTLNTEAEMRSLDEAIVLNKSTNTIVANSYLSFSLSFATIPAHLIKKADLGEPVEVKSDPTKIRMLIKLKEYNDVYLLVGRLVDNKIIDHIDATNGAAAEYNSLKNEIDNIQIKFSIMFIFIALLLLFVAISFGVIFTAKIVNPIKKLVTATDKVKDGDLTVQVPENEVDKDEIGTLYAAFNRMIKQISRQQRDLVIAQRAMVWSDVAKKVAHEIKNPLTPILLASERLFKKFSPEIKERTEFENYLKMIIRHTNDIKSIVSEFVLFARLPAPKFTKSEIVYLVKHIVEARKLLNDHILYKFESNVDQFDFMCDATQINQVMINLLKNAEESIEGREDGKIEVTIDAKDDFISVIVIDNGKGFPPELIGKATESYVTTSSKGMGVGLAIVKRIVEEHCGVLDIANREEKGAIIDIKFDLKELDLKILKIGLK,GCF_000014345.1-A1E_RS01590,GCF_000014345.1
RR,-zAsoUFY2CriWd5I9KsSHA,"{'RR': 2, 'GGDEF': 1}",LLINDDVVQAKNIRQMLLKITASIKVISNSDELDIINEYTPDLVIISSTLENDDPLRISVILRRKAKISGVVIILQIDEDGMPLVVKGVELGINDYFVYPIEESELLARIR,154,265,1659694,MTTILVVDDIETNIKLLTAKLLKEYYTVLTANSGKEALAILTKEKIDIILLDVMMSEMDGFEVCKRIKTNLETTHIPVVMVTALSDIDDRVKGLEAGADEFLTKPINDTALFVRLKSLYRMKSLIDELKLRNSTNALLGVTNIEMHDTFADKKILLINDDVVQAKNIRQMLLKITASIKVISNSDELDIINEYTPDLVIISSTLENDDPLRISVILRRKAKISGVVIILQIDEDGMPLVVKGVELGINDYFVYPIEESELLARIRTQLRRKQYQDNLRNYLEQSVNLAAKDCLTGLFNRRYFDIHLKQMIEKANKESIKLYLLMCDIDNFKYVNDTYGHQAGDKILTIVSRILKNNLRVTDLIARFGGEEFTILLTDIDISKAIETAERVRVKIEYMDFHIEDQIEPLKKTISIGVTEYKKEESIESFIARADNAMYEAKRTGKNKVVKL,GCF_000014345.1-A1E_RS01270,GCF_000014345.1
HK,SqiB8YzlM2XpDDvhOgjSyA,{'HK_CA': 1},NTKFFANISHELRTPLNSIIGFSEILMSERDAEKSKNYIKDINDAGKHLLSMINDILDLSKASADKLKVDSMDLDLNKLISSSLALVKSRADQAEVALISKLPKEHVVIKADPKRLKQVLLNLLSNAVKFTNSGGSVTIALKKDELAKLVYIKVIDTGIGIEEKDIPKTLSVFGQIDSELSRKYEGTGLGLPLTKKLVELMKGKFDLQSKINKGTTVTITFTYDD,268,493,1659684,MNHNKYIVRLSFIILFLNIVINMMFYRYFMIKEMIVKHVALEHTQIVKLYTDNIWNTHKNVISKLHKFGYLKLLQDQEFIDFVKITAQWFTNLNINISIYDLKGNKFITSNMLHMYSVENYKDDSLVEMVTAKIDKFFLKSFTSKAPLQDAFEGIASHILLPRVIIENESDLTVEEASFVTSYIPVIDNNLDYPVNAVFEINTNITNQWKNITSLEQKVFITFIIIFIIFCTIIISNTNYARQIIEEQLETNRNLKAQIVKLERTSSSNTKFFANISHELRTPLNSIIGFSEILMSERDAEKSKNYIKDINDAGKHLLSMINDILDLSKASADKLKVDSMDLDLNKLISSSLALVKSRADQAEVALISKLPKEHVVIKADPKRLKQVLLNLLSNAVKFTNSGGSVTIALKKDELAKLVYIKVIDTGIGIEEKDIPKTLSVFGQIDSELSRKYEGTGLGLPLTKKLVELMKGKFDLQSKINKGTTVTITFTYDDSIEI,GCF_000014345.1-A1E_RS01220,GCF_000014345.1
HK,di3CU-OFAxiTUDE3RiN8wQ,{'HK_CA': 1},NTKFFANISHELRTPLNAIIGFSEILMSERDAEKSKNYIKDINDAGKHLLSMINDILDLSKASADKLKVDSIDLDLNKLISSSLILVKPRADQAEVALISKLPKEHVVIKADPKRLKQVFLNLLSNAVKFTNSGGSVTIALEKDELTKLVYIKVIDTGIGIEEKDIPKTLSAFGQIDSELSRKYEGTGLGLPLTKKLVELMNGKFDLQSKINEGTTITITFTYDG,268,493,1659205,MNHNKYIVRLSFIILFLNIVINMMFYRYFMIKEMIVKQVALEHTKIVELYTDNIWNTHQNVISKLHKFDYLKLLQDQDFINFAKITAQWFTNLNINISLYDLKGNKFITSNMLHMYSVDNYKDDSLVEIFTAKIDKFFLKSFTSKAPLRDAFEGITSHILLPRVVIENESDLTVEEASFVTSYIPVIDNNLDFPVDAVFEINTNITSQWQNITSLEQKVFITFIIIFIIFCTIIISNTNYARQIIEEQLETNRNLKAQIVKVEKTSSSNTKFFANISHELRTPLNAIIGFSEILMSERDAEKSKNYIKDINDAGKHLLSMINDILDLSKASADKLKVDSIDLDLNKLISSSLILVKPRADQAEVALISKLPKEHVVIKADPKRLKQVFLNLLSNAVKFTNSGGSVTIALEKDELTKLVYIKVIDTGIGIEEKDIPKTLSAFGQIDSELSRKYEGTGLGLPLTKKLVELMNGKFDLQSKINEGTTITITFTYDGSIEI,GCF_000284155.1-MC5_RS05880,GCF_000284155.1
RR,-dNPVsz3XKzTo9Cd7V_fLw,"{'RR': 2, 'GGDEF': 1}",LLINDDVVQAKNIKQMLLKITQNVKVISNSDELDIINEYTPDLVIISSTLENEDPLRISVILRGKAEISGVVIILQIDEDGMPLVVKGIELGINDYFVYPIEESELLARIR,154,265,1659190,MTTILVVDDIETNIKLLTAKLLKEYYTVLTANNGKEAIAILKKEKIDTILLDVMMPEMDGFEVCKTIKTDPETTHIPVVMVTALSDIDDRVKGLEAGADEFLTKPINDTALFVRLKSLSRMKSLIDELKLRNSTNALLGVTNIEMHDTFADKKILLINDDVVQAKNIKQMLLKITQNVKVISNSDELDIINEYTPDLVIISSTLENEDPLRISVILRGKAEISGVVIILQIDEDGMPLVVKGIELGINDYFVYPIEESELLARIRTQLRRKQYQDNLRNDLEQSVNLAAKDGLTGLFNRRYFDIHLKQMIEKANNETIKLYLLMCDIDNFKHVNDTYGHQAGDKVLTIVSRILKNTLRVTDLIARFGGEEFTILLTDIDISKAIETAERIRVKIEYMDFHIEDQIEPLQKTISIGVTEYKKEESIESFIERADKAMYEAKTTGKNKVVKL,GCF_000284155.1-MC5_RS05815,GCF_000284155.1
HK,iiKO40CQkSWdl5da5hE3jg,{'HK_CA': 1},RTTMLAMISHDLRTPLTRMKLQLELMEESEEIEGLKQDILTMQQMINSYLDFAKGESTEEFEEILLLPWIEHFLNKWSHVDIEFIKLNNIDNSKARIKPNSFERALSNLIGNAIKYGTKIKISLTDNPSTVAIIIEDNGIGIDDTEKHLVFKPFYRSDKARQLDNASNVGLGLAITKEIINDYKGSIYLEDSKDLGGLSVRIEIPK,227,433,1658898,MSFISKLLPRTLFVRFMFIIIIPILIGQIVAIFLFYDRHWYNVSYYTSTIIINEIESLIKEHRNNSREITHLSENYLNLSYQFQLNKKLSIKQPKLSEPLTIFKNILATKIHEKNIVKLNKENKIEVFLELKDGILYITFPAKLLLNPTVYIFVLWIISLTVILLSVSIIFSKNQIKSILTLADSMDKFGRGVLKDKNFQPSGALEIRKAGLAFLKMKARIEKQITKRTTMLAMISHDLRTPLTRMKLQLELMEESEEIEGLKQDILTMQQMINSYLDFAKGESTEEFEEILLLPWIEHFLNKWSHVDIEFIKLNNIDNSKARIKPNSFERALSNLIGNAIKYGTKIKISLTDNPSTVAIIIEDNGIGIDDTEKHLVFKPFYRSDKARQLDNASNVGLGLAITKEIINDYKGSIYLEDSKDLGGLSVRIEIPKI,GCF_000284155.1-MC5_RS04480,GCF_000284155.1
RR,XO1_xU81Tn4lt39K5O9GYg,"{'RR': 1, 'Trans_reg_C': 1}",LIVDDDSRILALLKQFLNKNELLVSTASSVIEAKNLLKNSNYDLIILDVMLPEITGLDFATTIRDAGNNIPIVMLTALSEADDRVKGLEAGASDYITKPFEPRELLLRIN,8,118,1658897,MQPHKAHILIVDDDSRILALLKQFLNKNELLVSTASSVIEAKNLLKNSNYDLIILDVMLPEITGLDFATTIRDAGNNIPIVMLTALSEADDRVKGLEAGASDYITKPFEPRELLLRINNLINNYNNFKKETNIIKFGNNFYNFDTKEFTKNDQIIPLSSTEQKLLEILIKNSGKSTSRFELSKIMGGLSMRSIDVQITRIRGKIEDNPKEPKYLKTVRNEGYALYI,GCF_000284155.1-MC5_RS04475,GCF_000284155.1
HK,vpgXDhZ5YKK6CyFYjZrzcA,"{'SSF': 1, 'HK_CA': 1}",KHEFLRNINHEINTPLTGIISLGETLWANYDKFNEDQRRGAVEIIAKSSIRLNSLINNILDFSKLSSLNYELNKKDINLSELLHDRIKICKQLYLNGKTLNFVSDIEENIIFNCDPHYIKHTFDNLIINALSYCSEGMIKIDLQKQKDSIVFSIKDDGIGVLKEELQSIFGVFVVSSKTRTPAGGRGVGLALCKKVIELHAGKIWAENDKQGKTQFIFTMPYTR,695,919,1658749,MPNIDLLIFTSFLAINLLVGILNIKNIKNIREYAVGKRNFSIGTIVATLIATWIGTSTFLIDNSRIHTDGLFYLLPSIFGSVVSWLLISYFIAPRFENFLGRLSAAEIIGEAYGNKVRILTSIVSILMSIGRIAMQFHVASLILQLCFNISNFYIDLCIATVIISYSAFGGVKSVTFTEAVQFFTYSAIIPVTGIIVWNVFSNPHIVIDPNVQTRLTDLQGLFHYTSPKFWISLNIFIYFAIPSLGPSIFQRILMAKDTKQISKTFFISSIICLCLSALFIWIVILLLSQDPSVNTNALFLQIIKSYIGFNGLIVGVIMAMIISSTNSYINVAAVTFTNDIIKKASLNYNYITAITIGLIGFIISLYTKDLINLFLLLTSIYLPLITLPLILLIYGFKSSAKSFFIGMIAAILTIILWQIFALRAVLGIYPILPATIVNLLFFLGSHYILKQPGGFNSLKEPLAVKIIRQERKRKFLTLFRDLKNFNIFKYWESTLPNQEITYSYVGIFILISMFSSLYTTSGSKIMTYLEIYNIIYHTTLITAAILITYPLWSLKFKTHYIISLFWFVATFVILIFFSSLLVISNSFDQLQLMCSIINLLIIATIFRWQATLLMTVTGVFASIEFYKYFMDEKLLISIDNFQFKVVYFLTLFSSLLIVFLKPRQEQERLVNLKNTHLGNRVNYREQELEKLLDLKHEFLRNINHEINTPLTGIISLGETLWANYDKFNEDQRRGAVEIIAKSSIRLNSLINNILDFSKLSSLNYELNKKDINLSELLHDRIKICKQLYLNGKTLNFVSDIEENIIFNCDPHYIKHTFDNLIINALSYCSEGMIKIDLQKQKDSIVFSIKDDGIGVLKEELQSIFGVFVVSSKTRTPAGGRGVGLALCKKVIELHAGKIWAENDKQGKTQFIFTMPYTR,GCF_000284155.1-MC5_RS03800,GCF_000284155.1
HK,meTmg3m9SkIyU2gL7Aiwxw,"{'HAMP': 1, 'HK_CA': 1}",WSDVAKKVAHEIKNPLTPILLASERLVKKFSPEIKERVEFENYLKMIIRHTNDIKNIVSEFVLFARLPAPKFTESELVYLVKHIVEARQLLNDNILYQFESNVDQFDFMCDATQINQVMINLLKNAEESIEGRESGKIEVTIDAKDDFISVIVIDNGKGFPPELIGKATESYVTTSSKGMGVGLAIVKRIVEEHCGILDIANREEEGAIIDIKFDLKE,371,589,1658554,MLSYLKQNLRSYFSSRVLIFTLAIAAIIFACATFYVISLESKNFSTIIGFLLVDLAIFLILGVLLTQKFFTQNSNNDSSKLQNRIVIAFSLVAAIPTIIVSVFSVYFFNLSVQAWFDKKISTVLDQSVIVAESYIAEHKLQLKETALAVAEDLSDMYYDLIHNPALFTKTLNTEAEMRSLDEAIVLNKSTNTIVANSYLSFSLSFATIPAHLIKKADLGEPVEVKSDPTKIRMLIKLKEYNDVYLLVGRLVDNKIIDHVDATNGAAAEYNSLKNEIDNIQIKFSIMFIFIALLLLFVAISFGVIFTAKIVKPIKKLVTATDKVKDGDLTVQVPEHEVDKDEIGTLYAAFNRMIKQLSRQQRDLVIAQRAMAWSDVAKKVAHEIKNPLTPILLASERLVKKFSPEIKERVEFENYLKMIIRHTNDIKNIVSEFVLFARLPAPKFTESELVYLVKHIVEARQLLNDNILYQFESNVDQFDFMCDATQINQVMINLLKNAEESIEGRESGKIEVTIDAKDDFISVIVIDNGKGFPPELIGKATESYVTTSSKGMGVGLAIVKRIVEEHCGILDIANREEEGAIIDIKFDLKELNLKVWRLGC,GCF_000284155.1-MC5_RS02900,GCF_000284155.1
RR,a7pDNQlUD6qcuOoRIRP90g,"{'RR': 1, 'HTH_8': 1, 'Sigma54_activat': 1}",LIVDDEESIRNLIAANLKDEGFNPKVAANSTQALKILSEKPVSAVILDIWLQGSEIDGLGILEIIKKRYPLMPVIIISGHGTIETAVNAIKMGAYDYIEKPFNNDKLVILLK,6,118,1658657,MSQLDVLIVDDEESIRNLIAANLKDEGFNPKVAANSTQALKILSEKPVSAVILDIWLQGSEIDGLGILEIIKKRYPLMPVIIISGHGTIETAVNAIKMGAYDYIEKPFNNDKLVILLKRACEVTKLKRENIDLKSKIIDKTELVGGCSVTLKYKMEIEKAASSSSRIMIHGKSGSGKALAARLIHKQSKRVNNPFIIFSPTCMTTEKINQELFGKLEKQENNNKRPTILEFANNGTLYIDEVSNIPIPIQVKLLKFLKDQTITKPCGKNIKVDIKIITGTSKNIQDEVNNGKFLEDLYYRLNVSSLKVPSLYERKEDIPLLVKYFVKQLSKFSGLKERNFADDTIAALQSYEWPGNIRQLRNVVEWTLIMNPLTVGNNEIIKPYMIPSEILANSANLTKLEDSFDMLSMPLREAREVFERQYLSAQMSRFNNNISKTSSFVGMERSALHRKLKLLSLHIPPTNRINEEKYEEANA,GCF_000284155.1-MC5_RS03385,GCF_000284155.1
RR,65JkDosrw8qg4MlVOr5QgQ,"{'RR': 1, 'Trans_reg_C': 1}",LLIEDEPEMANLIELTLASEGIVCDKASVGVEGLRLGKVGGYDLVILDLMLPDINGFEILLRLRAAKIKTPILILSSLTDTDQKITGFSSGADDYLTKPFVREELIARIK,3,113,1658077,MRVLLIEDEPEMANLIELTLASEGIVCDKASVGVEGLRLGKVGGYDLVILDLMLPDINGFEILLRLRAAKIKTPILILSSLTDTDQKITGFSSGADDYLTKPFVREELIARIKAIVRRSKGHAASVFRFDKVSVNLDTRTVEVDNKKVHLTNKEYAILELLILRRGTILTKEMFLNHLYSSVDEPEMKIIDVFICKLRKKLSDAAGGRDYIDTVWGRGYMLKEYDELQQKEILAQGA,GCF_000284155.1-MC5_RS00685,GCF_000284155.1
HK,EfzMJPe1opzD-XMMpqSwYw,"{'HAMP': 1, 'HK_CA': 1}",WSDVAKKVAHEIKNPLTPILLASERLLKKFSPEIKDRVEFENYLKMIIRHTNDIKNIVSEFVLFARLPATKFTESEFVYLVKHIVEARQLLNDNILYKFESNVDQFDFMCDATQINQVMINLLKNAEESIEGRESGKIEVTIDAQDDFISVIVIDNGKGFPPELIGKATESYVTTSSKGMGVGLAIVKRIVEEHCGILDIANREEEGAIIDIKFDLKE,371,589,1657510,MLSYFKQNLRSYFSSRVLIFTLAMASIIFVCATFYVISLESKNFSTIIGFLLVDLAIFLILGVLLTQKFFTQNSNNDSSKLQNRIVIAFSLVAAIPTIIVSVFSVYFFNLSVQAWFDKKISTVLDQSVIVAESYIAEHKLQLKETALAVAEDLSDMYYDLIHNPALFTKTLNTEAEMRSLDEAIVLNKSTNTIVANSYLSFSLSFATIPAHLIKKADLGAPVEVKSDPTKIRMLIKLKEYNDVYLLVGRLVDNKIIDHVDATNGAAAEYNILKNEIDNIQIKFSIMFIFIALLLLFVAISFGVIFTAKIVKPIKKLVTATDKVKDGDLTVQVPENEVDKDEIGTLYAAFNRMIKQLSRQQRDLFIAQRAMAWSDVAKKVAHEIKNPLTPILLASERLLKKFSPEIKDRVEFENYLKMIIRHTNDIKNIVSEFVLFARLPATKFTESEFVYLVKHIVEARQLLNDNILYKFESNVDQFDFMCDATQINQVMINLLKNAEESIEGRESGKIEVTIDAQDDFISVIVIDNGKGFPPELIGKATESYVTTSSKGMGVGLAIVKRIVEEHCGILDIANREEEGAIIDIKFDLKELNLKVGRLGW,GCF_000018205.1-A1C_RS04305,GCF_000018205.1
RR,_K1xQPQ6E_qhieGqUSlf2g,"{'RR': 1, 'HTH_8': 1, 'Sigma54_activat': 1}",LIVDDEESIRNLIAANLKDEGFNPKVAANSTQALKILSAKPVSAVILDIWLQGSEIDGLGILEIIKKRYPLMPVIIISGHGTIETAVNAIKMGAYDYIEKPFNNDKLVILLK,6,118,1657424,MSQLDVLIVDDEESIRNLIAANLKDEGFNPKVAANSTQALKILSAKPVSAVILDIWLQGSEIDGLGILEIIKKRYPLMPVIIISGHGTIETAVNAIKMGAYDYIEKPFNNDKLVILLKRACEVTKLKRENIDLKSKVIDKTELVGECAVTLKYKMEIEKAASSSSRIMIHGKVGSGKELAARLIHKQSKRVNNPFIIFSPTCMTTEKINQELFGEFAKQENNNKRPTILAFANNGTLYIDEVSSIPMPIQVKLLKFLKDQTITKPCGKTIKVDIKIITGTSKNIQDEVNNGKFLEDLYYRLNVSSLKVPSLYERKEDIPLLVKYFVKQLSKFSGLKERNFADETIAALQSYEWPGNIRQLRNVVEWTLIMNPLTVGNNEIIKPYMIPSEILANSANLTKLEDSFDMLSMPLREAREVFERQYLSAQMSRFNNNISKTSSFVGMERSALHRKLKLLSLHIPPTNRINEEKYEEANA,GCF_000018205.1-A1C_RS03895,GCF_000018205.1
RR,2LmKw7cRLYbi5R4U-3C9ww,"{'RR': 1, 'Trans_reg_C': 1}",LIVDDDSRILALLKQFLNKNEFLVSTASSVIEAKNLLKNSNYDLIILDVMLPEITGLDFATTIRDAGNNIPIVMLTALSEADDRVQGLEAGASDYITKPFEPRELLLRIN,8,118,1657193,MQPHKAHILIVDDDSRILALLKQFLNKNEFLVSTASSVIEAKNLLKNSNYDLIILDVMLPEITGLDFATTIRDAGNNIPIVMLTALSEADDRVQGLEAGASDYITKPFEPRELLLRINNLINNYNNFKKETNIIKFGNNFYNFDTKEFTKNDQIISLSSTEQKLLEILIKNSGKSTSRFELSKIMGGLSMRSIDVQITRIRGKIEDNPKEPKYLKTVRNEGYALYI,GCF_000018205.1-A1C_RS02875,GCF_000018205.1
HK,FOESastM_0n-toIGUPRYiw,{'HK_CA': 1},RTTMLAMISHDLRTPLTRMKLQLELMEESEEIEGLKQDILTMQQMINSYLDFAKGESTEEFEEILLLPWIEHFLDKKWSHVDIEFIKLNNIDNSKVRIKPNSFERALSNLIGNAIKYGTKIKISLADNPSTVAIIIEDNGIGIDDTEKHLVFKPFYRSDKARQLDNASNVGLGLAITQEIINDYKGSIYLEDSKDLGGLSVRIEIPR,228,435,1657192,MSFISKLLPRTLFVRFMFIIIIPILIGQIVAIFLFYDRHWYNVSYYTSTIIINEIESLIKEHRNNSRKITHLSENYLNLSYQFQLNKKLSIKQPKLSEPLTIFKNILATKIHEKNIVKLNKENKIEVFLELKDGIILYITFPAKLLLNPTVYIFVLWIISLTVILLSVSIIFSKNQIKSILNLADSMDKFGRGVLKGKIFKPSGALEIRKAGLAFLKMKARIEKQITKRTTMLAMISHDLRTPLTRMKLQLELMEESEEIEGLKQDILTMQQMINSYLDFAKGESTEEFEEILLLPWIEHFLDKKWSHVDIEFIKLNNIDNSKVRIKPNSFERALSNLIGNAIKYGTKIKISLADNPSTVAIIIEDNGIGIDDTEKHLVFKPFYRSDKARQLDNASNVGLGLAITQEIINDYKGSIYLEDSKDLGGLSVRIEIPRI,GCF_000018205.1-A1C_RS02870,GCF_000018205.1
RR,V1OV6TBEiRWsmXhrU3s-Kg,"{'RR': 1, 'Trans_reg_C': 1}",LLIEDELEMANLIELTLASEGIVCDKASVGVEGLRIGKVCGYDLVILDIMLPDINGFEILLRLRAAKIKTPILILSSLTDTDQKINGFYSGADDYLTKPFVREELIARIK,3,113,1656679,MRVLLIEDELEMANLIELTLASEGIVCDKASVGVEGLRIGKVCGYDLVILDIMLPDINGFEILLRLRAAKIKTPILILSSLTDTDQKINGFYSGADDYLTKPFVREELIARIKAIVRRSKGHAASIFMFDKVSVNLDTRTVEVDGKKVHLTNKEYAILELLILRRGTILTKEMFLNHLYSSVDEPEMKIIDVFICKLRKKLSDAAGGRDYIDTVWGRGYMLKEYDELQQKEILAQGA,GCF_000018205.1-A1C_RS00500,GCF_000018205.1
RR,zJQECdipJgbaY_oAHvqNFQ,"{'RR': 2, 'GGDEF': 1}",LLINDDVIQAKNIKQMLLKITQNVKVISNSDELDIINEYTPDLVIISSTLENEDPLRISVILRGKEEIRGVVIILQIDEDGMPLVVKGIELGVNDYFVYPIEESELLARIR,154,265,1656909,MTTILVVDDIETNIKLLTAKLLKEYYTVLTANSGKEALAILKKEKIDTVLLDVMMPEMDGFEVCKTIKTNPETTHVPVVMVTALSDVDDRVKGLEAGADEFLTKPINDTALFVRLKSLSRMKSLIDELKLRNSTNALLGVTNIEMHDTFADKKILLINDDVIQAKNIKQMLLKITQNVKVISNSDELDIINEYTPDLVIISSTLENEDPLRISVILRGKEEIRGVVIILQIDEDGMPLVVKGIELGVNDYFVYPIEESELLARIRTQLRRKQYQDNLHNDLEQSVNLAAKDGLTGLFNRRYFDIHLKQMIEKANNESIKLYLLMCDIDNFKHVNDTYGHQAGDKVLTIVSRILKNTLRVTDLIARFGGEEFTILLTDIDISKAIETAERIRVKIEYMDFHIEDQIEPLQKTISIGVTEYKKAESIESFIERADKAMYEAKTTGRNKVVKL,GCF_000018205.1-A1C_RS01580,GCF_000018205.1
HK,3yW1F2lljah2_Ej2Og0LLw,{'HK_CA': 1},NTKFFANISHELRTPLNAIIGFSEILMSERDAEKSKNYIKDINDAGKHLLSMINDILDLSKASADKLKVDSIDLDLNKLISSSLALVKPRADQAEVALMSRLPKEHVVIKADPKRLKQVFLNLLSNAVKFTNSGGSVAITLEKDELAKLVYIKVIDTGIGIEEKDIPKTLSAFGQIDSELSRKYEGTGLGLPLTKKLVELMNGKFDLQSKINEGTTITITFTYDG,268,493,1656897,MNHNKYIVRLSFIILFLNIVINMMFYRYFMIKEMIVKQVALEHTKIVELYTDNIWNTHQNVISKLHKFDYLKLLQDQDFINFAKITAQWFTNLNINISLYDLKGNKFITSNMLHMYSVDNYKDDSLVEIFTAKIDKIFLKSFTSKAPLHDAFDGITSHILLPRVVIENESDLTVEEASFVTSYIPVIDNNLDFPVDAVFEINTNITSQWQNITALEQKVFITFIIIFIIFCTIIISNTNYARQIIEEQFETNRNLKAQIVKVEQTSSSNTKFFANISHELRTPLNAIIGFSEILMSERDAEKSKNYIKDINDAGKHLLSMINDILDLSKASADKLKVDSIDLDLNKLISSSLALVKPRADQAEVALMSRLPKEHVVIKADPKRLKQVFLNLLSNAVKFTNSGGSVAITLEKDELAKLVYIKVIDTGIGIEEKDIPKTLSAFGQIDSELSRKYEGTGLGLPLTKKLVELMNGKFDLQSKINEGTTITITFTYDGSIEI,GCF_000018205.1-A1C_RS01525,GCF_000018205.1
HK,n9vr9Zc8J3-m9xzETm08IA,"{'HAMP': 1, 'HK_CA': 1}",WSDVAKKVAHEIKNPLTPILLASERLLKKFSAEIKDKSEFESYLKMIIRHTNDIKNIVSEFVLFARLPAPKFTKSELVYLVKHIIEARKLLNDNIVYTCDSNVDQFDFMCDATQINQVMINVLKNAEESIEGQEFGRIDVILDIKDDFINVIVMDNGKGFPPELIGKATESYVTTSSKGMGVGLAIVKRIVEEHCGVLDIANREDKGAIIDIKFDLKE,371,589,1656298,MLSYLKQNLCFYLSSKILILALAISAIVSACTTFYVISLEAKNFSTIIGFLLIDLAIFLILGILLTQKFFSKNNDNDSSRLQNRIVIAFSLVAAIPTIIVSVFSVYFFNLSVKAWFDKKISTVLDQSVIVAETYIAEHKVQLKETALAVAEDLSDMYYDLIHNPALFTKTLNTEADMRSLDEAIVLNKSTNTIVANSYLSFSLSFATIPAHLIKKADLGEPVEVKSDPTKIRMLIKLKEYNDVYLLVGRLVDNKIIDHIDATNGAAAEYNSLKNEIDNIQIKFSIMFIFIALLLLFVAINFGVLFTAQIVKPIKKLVTATDKVKDGDLTVQVPENEVDKDEIGTLYVAFNRMIKQLSRQQRDLVIAQRAMAWSDVAKKVAHEIKNPLTPILLASERLLKKFSAEIKDKSEFESYLKMIIRHTNDIKNIVSEFVLFARLPAPKFTKSELVYLVKHIIEARKLLNDNIVYTCDSNVDQFDFMCDATQINQVMINVLKNAEESIEGQEFGRIDVILDIKDDFINVIVMDNGKGFPPELIGKATESYVTTSSKGMGVGLAIVKRIVEEHCGVLDIANREDKGAIIDIKFDLKELHLKVRRSCG,GCF_000008045.1-RT_RS02980,GCF_000008045.1
HK,uUPIbU9GS3YeGZNA6g900A,"{'SSF': 1, 'HK_CA': 1}",KHEFLRNINHEINTPLTGIISLGETLWANYDKFNEDQRRNAVEIIAKSSIRLNSLINNILDFSKLSSLNYELNKNYINLSELLHERIKICKKLYLNGKILNFVSDIEENIIFNCDPHYIQHTFDNLIINAISYSSEGTIKIDLQKQTDSILFMIKDDGIGVPKEELPNIFGVFVVSSKTRTQAGGRGVGLALCKKVIELHSGKIWAENDKQGKTHFIVTMPL,694,916,1656149,MPNIDLFILTSFLGINLLIGLLNIKNIKNNREYAVGERNFSTSAIVATLIATWISTSIFLIDNSIIYQNGLFYLLPSIFGSIVSWLLMSYFIAPRCENILGSLSVAEIIGAAYGNKVRILTAIVSILMSIGRIAMQFHVAGLILQLFFNISNFYINLCIATIIISYSAFGGVKSVTFTKAVQFFTYSLIIPIIGIVIWNVLSDPYIVINSNVQNSLIDLQELFHCTSPKFWIALNIFIYFAIPSFSPSIFQSILIAKDTKQISRTFFISAVICLCWSIIFIWITILLSQNSVIETNELFLRIIKSYIGFKGLIVGVVMAMIIASTNSYINVAAVTFTNDIIKKTSLNYNYITAITIGLIGFIISLYTQDLINLFLLLTSIYFPLITLPLILLIYGFKSTTKSFFIGTIAAIFTIISWQIFSLRAVLGIYPMLPTTIVTLIFFLGRHYILKQPGGFSTLKEPLSVKIIRQDRKRKFLTLFRAVKNFNIFKYWKSTLPNQEITYSYVGIFILISMFSSLYTTSGSRIMNHLVIYNIIYHTTFIAAAILITYPLWSLKFKKKYIISFSWFIATFVILIFFGSLLVILNDFDQLQLMYSVINSLIIATIFRWQATLLMTVTGVFASIEFYKYFIDEKLLISIDSFQFKVVYFLTLFSSLLIVFLKPRQDQEMLINLKNTHLGNRVNYREQELEKLLDLKHEFLRNINHEINTPLTGIISLGETLWANYDKFNEDQRRNAVEIIAKSSIRLNSLINNILDFSKLSSLNYELNKNYINLSELLHERIKICKKLYLNGKILNFVSDIEENIIFNCDPHYIQHTFDNLIINAISYSSEGTIKIDLQKQTDSILFMIKDDGIGVPKEELPNIFGVFVVSSKTRTQAGGRGVGLALCKKVIELHSGKIWAENDKQGKTHFIVTMPL,GCF_000008045.1-RT_RS02260,GCF_000008045.1
RR,HYA2mTIFCK7-SsjpbuuAjA,"{'RR': 1, 'Trans_reg_C': 1}",LIVDDDSRILALLKQFLNKNNFLVSTANSVIEAKNLLKTSNYDLIILDVMLPEITGLDFATTIRDAGNTIPIVMLTALSEANERVKGLEAGASDYITKPFEPRELLLRIN,5,115,1656111,MQPHILIVDDDSRILALLKQFLNKNNFLVSTANSVIEAKNLLKTSNYDLIILDVMLPEITGLDFATTIRDAGNTIPIVMLTALSEANERVKGLEAGASDYITKPFEPRELLLRINNLINNYNFKKATNIIKFGNNLYNCTTKEFTKNNQIVSLSSTEQKLLEILIKNSGKSTSRFELSKIMGGLSMRSIDVQITRIRSKIEDNPKEPKYLKTVRNDGYALYI,GCF_000008045.1-RT_RS02070,GCF_000008045.1
HK,yuG_cBavdSDzy3mPg52iLg,{'HK_CA': 1},RTNMLAMISHDLRTPLTRMKLQLELMEENEAIKGFKQDILTMQQMINSYLDFAKGESTEEFEEILLLPWIEHLLNKWPHINIEFIKSTNLNKLAVLMKPNSFERALSNLIGNAIKYGTKIEISVKNNQSTVTIIIEDNGIGIDDMEKHLVFKPFYRSDKARQLDNSSNVGLGLAITKEIINNHKGCIYLEDSKNLGGLLVRIEIPK,227,433,1656110,MHFISKLLPKTLFIRFMFIIIIPILIGQIVAIFLFYDRHWYNVSYYTSTIIINEIESLIKEHKNNSRESTHLLENYLNLSYQFQFNKKLSIKQSKLSEPLTIFKNILATKIYEKNIVKLNKENKIEVFLELKDGILYITFPAKLLLNPTVYIFVLWIISLTIILLSVSIIFSKNQIKSILTLADSMDKFGRGILKSNNFKPSGALEIRNAGLAFLKMKARIEKQINKRTNMLAMISHDLRTPLTRMKLQLELMEENEAIKGFKQDILTMQQMINSYLDFAKGESTEEFEEILLLPWIEHLLNKWPHINIEFIKSTNLNKLAVLMKPNSFERALSNLIGNAIKYGTKIEISVKNNQSTVTIIIEDNGIGIDDMEKHLVFKPFYRSDKARQLDNSSNVGLGLAITKEIINNHKGCIYLEDSKNLGGLLVRIEIPKI,GCF_000008045.1-RT_RS02065,GCF_000008045.1
RR,mCAmaBHS4BgX7-eENOxDZQ,"{'RR': 2, 'GGDEF': 1}",LLINDDVVQAKNIKQILVKLTKYVKVISNSDELDIINEYTPDLVIISSTLENEDPLRISVILRGKAEISGVVIILQIDEDGMPLVVKGIELGINDYFIYPIEENELLARIR,154,265,1655923,MTTILVVDDIETNIKLLTAKLLKEYYTVLTANSGKEALSILKKEKIDTILLDVMMPEMDGFEVCKIIKTDPGTTHIPVVMITALSDIDDRVKGLEAGADEFLIKPINDTALFVRLKSLSRMKSLIDELKLRNSTNALLGVTNIEIHDNLTDKKILLINDDVVQAKNIKQILVKLTKYVKVISNSDELDIINEYTPDLVIISSTLENEDPLRISVILRGKAEISGVVIILQIDEDGMPLVVKGIELGINDYFIYPIEENELLARIRTQLRRKQYQDNLRNDLEQSVNLAAKDGLTGLFNRRYFDIHLKQMIEKANKENIKLYLLMCDIDNFKHVNDTYGHQAGDKVLTIVSRILKNTLRVTDLIARFGGEEFTILLTDIDISKAIETAERIRVKIEYMDFYIEGQIEPLKKTISIGVTEYKKEESIESIIKRADKAMYKAKTTGKNKVVQL,GCF_000008045.1-RT_RS01140,GCF_000008045.1
HK,cZZ6mrx_6Lmt-2Y66B8hlw,{'HK_CA': 1},NTKFFANISHELRTPLNAIIGFSEILMSERDTEKSKNYIKDIHDAGKHLLSMINDILDLSKASADKLKVDNIDLDLNKLISSSLILIKPRADQAEVELISRLPKEHIVINADPKRLKQVLLNLLSNAVKFTNTGGSVTIALEKDELAKLVYIKVIDTGIGIEEKDIPKTLSEFGQIDSELSRKYEGTGLGLPLTKKLVELMNGKFDLQSQINKGTTVTITFVYDG,268,493,1655915,MNHNKYIVRLSFIILFLNIIINMLFYRYFMIKEMIMKQVALEHTKIVELYTDNIWNIHKNVISKLHQFDYLKLLQDQDFINFVKITAQWFTNLNINISLYDLKGNKFITSNMLHMYSVDNYKNDSLIEIVIAKIDKIFLKSFTSEAPLRDAFRGITSHILLPKVVIENESDLTIEHASFITSYIPVIDHNLDFSVDAVFEINTNITSQWKNITSLEQKVFITFIIIFIIFCTIIISNTNYARQIIEEQLATNRNLKAQIVKVEKTSSSNTKFFANISHELRTPLNAIIGFSEILMSERDTEKSKNYIKDIHDAGKHLLSMINDILDLSKASADKLKVDNIDLDLNKLISSSLILIKPRADQAEVELISRLPKEHIVINADPKRLKQVLLNLLSNAVKFTNTGGSVTIALEKDELAKLVYIKVIDTGIGIEEKDIPKTLSEFGQIDSELSRKYEGTGLGLPLTKKLVELMNGKFDLQSQINKGTTVTITFVYDGSINCS,GCF_000008045.1-RT_RS01100,GCF_000008045.1
RR,7xHNOrkydd4hD8FheEiD5Q,"{'RR': 1, 'Trans_reg_C': 1}",LLIEDESEMANLIEITLASEGIVCDKASVGVEGLRLGKIGIYDLVILDLMLPDINGFEILLRLRAAKIKTPILILSSLTDTDQKITSFSSGADDYLTKPFVREELIARIK,3,113,1655752,MKVLLIEDESEMANLIEITLASEGIVCDKASVGVEGLRLGKIGIYDLVILDLMLPDINGFEILLRLRAAKIKTPILILSSLTDTDQKITSFSSGADDYLTKPFVREELIARIKAIVRRSKGHAASVFRFDKVSVNLDTRSVEVDGKKIHLTNKEYSILELLIIRRGTILTKEMFLNHLYSSVDEPEMKIIDVFICKLRKKLSDAAGGRDYIDTVWGRGYMLKEYDELQQKELLAQGA,GCF_000008045.1-RT_RS00305,GCF_000008045.1
RR,evBm-UdfUmwQhVvs3GQjqQ,"{'RR': 1, 'HTH_8': 1, 'Sigma54_activat': 1}",LILDDEESIRNLIAANLKDEGFNPKVAANSTQALKIISEKPVSAVILDIWLQGSEIDGLGVLEIIKKRYPLIPVIIISGHGTIETAVNAIKMGAYDYIEKPFNNDKLIILLK,6,118,1656246,MSQLDVLILDDEESIRNLIAANLKDEGFNPKVAANSTQALKIISEKPVSAVILDIWLQGSEIDGLGVLEIIKKRYPLIPVIIISGHGTIETAVNAIKMGAYDYIEKPFNNDKLIILLKRACEVTKLKRENIDLKSKVIDKTELVGGCSVTLKYKMEIEKAASSSSRIMIHGKVGSGKELAARLIHKQSKRVNNPFIIFSPTCMTTEKINQELFGESEKQENNNKRPTILEFANNGTLYIDEVSNIPIPIQVKLLKFLKDQTITKPCGKKTKVDIKIITSTSKNIQDEVNNGKFLEDLYYRLNVFSLKVPSLYERKEDIPLLVKYFVKQLSKFSGLKERHFSDEAITALQSYEWPGNIRQLRNVVEWTLIMNPLTTGNNEIIKPYMIPSEILANSANLTKLEDSFDMLSMPLREAREVFERQYLSAQMSRFNNNISKTSSFVGMERSALHRKLKLLSLHIPPTNKINEEEYEKANA,GCF_000008045.1-RT_RS02720,GCF_000008045.1
HK,IUmuN88iCRS5ly_W_uJIYg,"{'HAMP': 1, 'HK_CA': 1}",WSDVAKKVAHEIKNPLTPILLASERLLKKFSSEINEKSEFESYLKMIIRHTNDIKNIVSEFVLFARLPAPKFTKSELVYLVKHIIEARKLLNDNIVYTYDSNVDQFDFMCDATQINQVMINVLKNAEESIEGQEFGKIDVILDAKDDFISVIVMDNGKGFPPELIGKATESYVTTSSKGMGVGLAIVKRIVEEHCGVLDIANREDEGAIIDIKFDLKE,373,591,1653220,MSMLSDLKQNLRSYFSSRILILALAIASIISVCTTFYVISLEAKNFSTIIGFLLIDLAIFLILGILLTQKFFTKNNDNDSSKLQNRIVIAFSLVAAIPTIIVSVFSVYFFNLSVKAWFDKKISTVLDQSVIVAETYIAEHKVQLKETALAVAEDLSDMYYDLIHNPALFTKTLNTEADMRSLDEAIVLNKSTNTIVANSYLSFSLSFATIPAHLIKKADLGEPVEVKSDPTTIRMLIKLKEYNDVYLLVGRLVDNKIIDHIDATNGAAAEYNSLKNEIDNIQIKFSIMFIFIALLLLFVAINFGVLFTAKIVKPIKKLVTATDKVKDGDLTVQVPENEVDKDEIGTLYAAFNRMIKQLSRQQRDLVIAQRAMAWSDVAKKVAHEIKNPLTPILLASERLLKKFSSEINEKSEFESYLKMIIRHTNDIKNIVSEFVLFARLPAPKFTKSELVYLVKHIIEARKLLNDNIVYTYDSNVDQFDFMCDATQINQVMINVLKNAEESIEGQEFGKIDVILDAKDDFISVIVMDNGKGFPPELIGKATESYVTTSSKGMGVGLAIVKRIVEEHCGVLDIANREDEGAIIDIKFDLKELHLKVRRSGG,GCF_000195735.1-RP614,GCF_000195735.1
RR,NP_en44ogLsNvGymT_oHzA,"{'RR': 1, 'HTH_8': 1, 'Sigma54_activat': 1}",LIVDDEESIRNLIAANLKDEGFNPKIAANSTQALKIISEKPVSAVILDIWLQGSEIDGLGVLEIIKKRYPLMPVIIISGHGTIETAVNAIKMGAYDYIEKPFNNDKLIILLK,6,118,1653168,MSQLDVLIVDDEESIRNLIAANLKDEGFNPKIAANSTQALKIISEKPVSAVILDIWLQGSEIDGLGVLEIIKKRYPLMPVIIISGHGTIETAVNAIKMGAYDYIEKPFNNDKLIILLKRACEVTKLKRENIDLKSKVIDKTELVGGCPVTLKYKMEIEKAASSSSRIMIHGKVGSGKELAARLIHKQSKRVNNPFIIFSPTCMTTEKINQELFGESEKQENNNKRPTILEFANNGTLYIDEISNIPIPIQVKLLKFLKDQTITKPCGKKTKVDIKIITSTAKNIQDEVNNGKFLEDLYYRLNVFSLKVPSLYERKEDIPLLVKYFVKQLSKFSGLKERHFSDEAIAALQSYEWPGNIRQLRNVVEWTLIMNPLTTGNNEIIKPYMIPSEILANSANLTKLEDSFDMLSMPLREAREVFERQYLSAQMSRFNNNISKTSSFVGMERSALHRKLKLLSLHIPPTNRINEEEYEKANA,GCF_000195735.1-RP562,GCF_000195735.1
RR,N7_4uK9X5bnSGRLrD5Z9tg,"{'RR': 1, 'Trans_reg_C': 1}",LIVDDDSRILALLKQFLNKNNFLVSTANSVIEAKNLLKTSNYDLIILDVMLPRITGLDFATTIRDAGNNIPIVMLTALSEANDRVKGLEAGASDYITKPFEPRELLLRIN,8,118,1653035,MQPHKIHILIVDDDSRILALLKQFLNKNNFLVSTANSVIEAKNLLKTSNYDLIILDVMLPRITGLDFATTIRDAGNNIPIVMLTALSEANDRVKGLEAGASDYITKPFEPRELLLRINNLINNYNFKKETNIIKFGNNFYNCTTKEFTKNDQIVSLSSTEHKLLEILIKNSGKSTSRFELSKIMGGLSMRSIDVQITRIRSKIEDNPKEPKYLKTVRNEGYALYI,GCF_000195735.1-RP427,GCF_000195735.1
HK,AdXnCuHKPHIR1yGMhMRHcQ,{'HK_CA': 1},RTNMLAMISHDLRTPLTRMKLQLELIEESEAIKGLKQDILTMQQMINSYLDFAKGESTEEFEEILLLPWMDHLLNKWSHINIEFIKSTNLNKLTVLMKPNSFERALSNLIDNAIKYGTKIEISLINNTSTVAIIIEDNGIGIDDMEKHLVFKPFYRSDKARQLDNSSNVGLGLAITKEIINNHKGCIYLEDSKNLGGLSVRIEIPK,230,436,1653034,MRAMHFISKLLPKTLFIRFMFIIIIPILIGQVVAIFLFYDRHWYNVSYYTSTIIINEIESLIKEHKNNSRERTHLSENYLNLSYQFQLNKKLSIKQPKLSEPLIIFKNILATKIYEKNIVKLNKENKIEVFLELKDGILYITFPAKLLLNPTVYIFVLWIISLTIILLSVSIIFSKNQIKPILTLADSMDKFGRGVLKSNNFKPSGALEIRNAGLAFLKMKTRIEKQINKRTNMLAMISHDLRTPLTRMKLQLELIEESEAIKGLKQDILTMQQMINSYLDFAKGESTEEFEEILLLPWMDHLLNKWSHINIEFIKSTNLNKLTVLMKPNSFERALSNLIDNAIKYGTKIEISLINNTSTVAIIIEDNGIGIDDMEKHLVFKPFYRSDKARQLDNSSNVGLGLAITKEIINNHKGCIYLEDSKNLGGLSVRIEIPKI,GCF_000195735.1-RP426,GCF_000195735.1
RR,MWGrkiQabyGa64NAPgY5yQ,"{'RR': 1, 'Trans_reg_C': 1}",LLIEDESEMANLIEITLASEGIVCDKASVGVEGLRLGKVGIYDLVILDLMLPDINGFEILLRLRAAKIKTPILILSSLTDTDQKITSFSSGADDYLTKPFVREELIARIK,3,113,1652678,MRVLLIEDESEMANLIEITLASEGIVCDKASVGVEGLRLGKVGIYDLVILDLMLPDINGFEILLRLRAAKIKTPILILSSLTDTDQKITSFSSGADDYLTKPFVREELIARIKAIVRRSKGHAASIFRFDKISVNLDTRSVEVDGKKLHLTNKEYSILELLILRRGTILTKEMFLNHLYSTVDEPEMKIIDVFICKLRKKLSDAAGGRDYIDTVWGRGYMLKEYDELQQKELLAQGA,GCF_000195735.1-RP071,GCF_000195735.1
HK,qZc7Ize2LKWPtu9ICyebSQ,"{'SSF': 1, 'HK_CA': 1}",KHEFLRNINHEINTPLTGIISLGETLWANYDKFNEDQRRNAVEVIAKSSIRLNSFINNILDFSKLSSLNYELNKNYINLSELLYERIKICKKLYLNGKTLNFVFDIEENIIFNCDPHYIKHTFDNLIINAISYCSEGTIKIDLQKQTDSILFMIKDDGIGVPKEELPNIFGVFVVSSKTRTKAGGRGVGLALCKKVIELHSGKIWAENDKQGKTHFIVTMPLNT,695,919,1653073,MPNIDLLIFTSFLVINLLFGLLNIKNIKNNREYAVGERNFSTGTIVATLIATWIGTSTFLIDNSIIYPDGLFYLLPSIFGSVVSWLLMSYFIAPRFENFLGSLSVAEIIGAAYGNKVRILTSIVSILMSIGRIAMQFHVAGLILQLFFNISNFYINLCIATVIISYSAFGGVKSVTFTEAVQFFTYSAIIPVIGIIIWNVFSDPYIVINSNVQNHLIDLQGLFHCTSPKFWIALNIFIYFAIPSFGPSIFQRILMAKDTKQISHTFFIAAVICLCWSILFIWITILLFSQNSVIETNELFLRIIKSYIGFKGLIVGVVMAMIIASTNSDINVAAVTFTNDIIKKASLHYNYITAIIIGLIGFIISLYTQDLINLFLLLTSIYLPLITLPLILLIYGFKSTTKSFFISTIAAIFTIIAWQIFSLRTVLGIYPILPATIVTLIFFLGRHYILKQPGGFIALKEPLSVKIIRQERKRKFLTLFRDIKNFNIFKYWKSTLPNQEITYSHVGIFILISMFSSLYTISGSRIMTHFAIYNIIYHTTLIAASILITYPLWSLKFKKNYIISFSWFIATFVILIFFGSLLVILSNFDQLQLMCLVINSLIIATIFRWQATLLMTVTGVFASIEFYKYFIDEKLLISIDSFQFKVVYFLILFSSLLIVFLKPRQDQEILINLKNTHLGNRVNYREQELEKLLDLKHEFLRNINHEINTPLTGIISLGETLWANYDKFNEDQRRNAVEVIAKSSIRLNSFINNILDFSKLSSLNYELNKNYINLSELLYERIKICKKLYLNGKTLNFVFDIEENIIFNCDPHYIKHTFDNLIINAISYCSEGTIKIDLQKQTDSILFMIKDDGIGVPKEELPNIFGVFVVSSKTRTKAGGRGVGLALCKKVIELHSGKIWAENDKQGKTHFIVTMPLNTPL,GCF_000195735.1-RP465,GCF_000195735.1
RR,qmweXM4pSKBAQPWZXLLsYw,"{'RR': 2, 'GGDEF': 1}",LLINDDVVQAKNIKQMLVKVTKHVKVINNSNELDIINEYRSDLVIISSTLENEDPLRISVILRGKAEISGVVIILQIDEDGMPLVVKGIELGINDYFIYPIEENELLARIR,154,265,1652846,MTTILVVDDIETNIKLLTAKLLKEYYTVLTANSGKEALSILKKEKIDTILLDVMMPEMDGFEVCKMIKTDPGTTHIPVVMITALSDIDDRVKGLEAGADEFLTKPINDTALFVRLKSLSRMKSLIDELKLRNSTNALLGVTNIEIHDTFTDKKILLINDDVVQAKNIKQMLVKVTKHVKVINNSNELDIINEYRSDLVIISSTLENEDPLRISVILRGKAEISGVVIILQIDEDGMPLVVKGIELGINDYFIYPIEENELLARIRTQLRRKQYQDNLRNDLEQSVNLAAKDGLTGLFNRRYFDIHLKQMIEKANKENIKLYLLMCDIDNFKHVNDTYGHQAGDKVLTTVSRILKNTLRVTDLIARFGGEEFTILLTDIDISKAIETAERVRVKIEYMDFYIEGQIEPLKKTISIGVTEYKKEESIESFIKRADKAMYEAKTTGKNKVVQL,GCF_000195735.1-RP237,GCF_000195735.1
HK,TRd9ZH9E1MRNlyXobpSW8g,{'HK_CA': 1},NTKFFANISHELRTPLNAIIGFSEILMSERDTEKSKNYIKDIHDAGKHLLSMINDILDLSKASADKLKVDNIDLDLNKLISSSLILIKPRAYQAEVELISRLPKEHVVINADPKRLKQVLLNLLSNAVKFTNSGGSVTISLEKDELAKLVYIKVIDTGIGIEEKDIPKTLSAFGQIDSELSRKYEGTGLGLPLTKKLVELMNGKFDLQSKINKGTTVTITFKYDG,268,493,1652838,MNHNKYIVRLSFIILFLNIVINMLFYRYFMIKEMIIKQVALEHTKIVELYTDNIWNIHKNVISKLHKFDYLKLLQDQDFINFVKITAQWFTNLNINISLYDLKGNKFITSNMLHMYSVDNYKDDSLIEIVITKIDKIFLKSFTSAAPLRDAFKGITSHILLPKVVIENESDLTIEHASFVTSYIPVIDHNLDFPVDAVFEINTNITSQWKNITSLEQKVFITFIIIFIIFCTIIISNTNYARQIIEEQLETNRNLKAQIEKVEKTSSSNTKFFANISHELRTPLNAIIGFSEILMSERDTEKSKNYIKDIHDAGKHLLSMINDILDLSKASADKLKVDNIDLDLNKLISSSLILIKPRAYQAEVELISRLPKEHVVINADPKRLKQVLLNLLSNAVKFTNSGGSVTISLEKDELAKLVYIKVIDTGIGIEEKDIPKTLSAFGQIDSELSRKYEGTGLGLPLTKKLVELMNGKFDLQSKINKGTTVTITFKYDGSIEI,GCF_000195735.1-RP229,GCF_000195735.1
HK,_Z8tmmciLquI9QcmMLZd_g,"{'HAMP': 1, 'HK_CA': 1}",WSDVAKKVAHEIKNPLTPILLASERLLKKFSPEIKERVEFENYLKMIIRHTNDIKNIVSEFVLFARLPAPKFTKSELVYLVKHIVEARKLLNDHILYKFESNVEQFDFMCDATQINQVMINLLKNAEESIEGRESGKIEVTIDVKDDFISVIVTDNGKGFPPELIGKATESYVTTSSKGMGVGLAIVKRIVEEHCGILDIANREAEGAIIDIKFDLKE,371,589,1652142,MLSYLKQNLHSYFSSRVLIFTLATAAIIFACATFYVISLESKNFSTIIGFLLVDLAIFLILGVVLTQKFFTKNNNNDSSKLQNRIVIAFSLVAAIPTIIVSVFSVYFFNLSVQAWFDKKISTVLDQSVIVAESYIAEHKLQLKETALAVAEDLSDMYYDLIHNPALFTKTLNTEAEMRSLDEAIVLNKSTNTIVANSYLSFSLSFATIPAHLIKKADLGELVEVKSDPTKIRMLIKLKEYNDVYLLVGRLVDNKIIDHVDATNGAAAEYNSLKNEIDNIQIKFSIMFIFIALLLLFVAISFGVIFTAKIVKPIKKLVTATDNVKDGDLTVQVPENEVDKDEIGTLYVAFNRMIKQLSRQQRDLVIAQRAMAWSDVAKKVAHEIKNPLTPILLASERLLKKFSPEIKERVEFENYLKMIIRHTNDIKNIVSEFVLFARLPAPKFTKSELVYLVKHIVEARKLLNDHILYKFESNVEQFDFMCDATQINQVMINLLKNAEESIEGRESGKIEVTIDVKDDFISVIVTDNGKGFPPELIGKATESYVTTSSKGMGVGLAIVKRIVEEHCGILDIANREAEGAIIDIKFDLKELDLKAKRLEM,GCF_000007025.1-RC_RS04730,GCF_000007025.1
RR,8OwHwfI9zAlQm1Q3bED4vQ,"{'RR': 1, 'HTH_8': 1, 'Sigma54_activat': 1}",LIVDDEESIRNLIAANLKDEGFNPKVAANSTQALKILSEKPVSAVVLDIWLQGSEIDGLGILEIIKKRYPLMPVIIISGHGTIETAVNAIKMGAYDYIEKPFNNDKLVILLT,6,118,1652029,MSQLDVLIVDDEESIRNLIAANLKDEGFNPKVAANSTQALKILSEKPVSAVVLDIWLQGSEIDGLGILEIIKKRYPLMPVIIISGHGTIETAVNAIKMGAYDYIEKPFNNDKLVILLTRACEVTKLKRENIDLKSKVIDKTELVGECSVTLKYKMAIAKAATSSCRIMIHGKVGSGKELAARLIHKQSKRVNNPFIIFSPTCMTTEKINQELFGELEKQANNKRPTILEFANNGTLYIDEVSNIPIPIQVKLLKFLKDQTITKPCGKNIKIDIKIITGTSKNIQDEVNNGKFLEDLYYRLNVSSLKVPSLYERKEDIPLLVKYFVKQLSKFSGLKERSFADETIAALQSYEWPGNIRQLRNVVEWTLIMNPLTTGNNEIIKPYMIPSEILANSANLTKLEDSFDMLSMPLREAREVFERQYLSAQMSRFNNNISKTSSFVGMERSALHRKLKLLSLHIPPTNRINDEEYEEANA,GCF_000007025.1-RC_RS04240,GCF_000007025.1
RR,QxdevUtRL-q2eONbHldzMQ,"{'RR': 1, 'Trans_reg_C': 1}",LIVDDDSRILALLKQFLNKNAFLVSTASSVIEAKNLLKTSNYDLIILDVMLPEITGLDFATTIRDAGNNIPIVMLTALSEADDRVKGLEAGASDYITKPFEPRELLLRIN,8,118,1651749,MHTYKAHILIVDDDSRILALLKQFLNKNAFLVSTASSVIEAKNLLKTSNYDLIILDVMLPEITGLDFATTIRDAGNNIPIVMLTALSEADDRVKGLEAGASDYITKPFEPRELLLRINNLINNYNNFTKETNIIKFGNNFYNSDTKEFTKNNQIVSLSSTEQKLLEILIKNSGKSTSRFELSKIMGGLSMRSIDVQITRIRSKIEDNPKEPKYLKTVRNEGYALYI,GCF_000007025.1-RC_RS03000,GCF_000007025.1
HK,GBYRD5vCQ2sykkAKP-CW7g,{'HK_CA': 1},KTTMLAMISHDLRTPLTRMKLQLELMEESEEIEGLKQDILTMQQMINSYLDFAKGESTEEFEDILLLPWMERFFNKWSHVNIEFIKPTNLDKLEVCIKPHSFERALSNLIGNAIKHGTKIKISSKDNSSTVAIIIEDNGPGIDDTETHLVFKPFYRSDKARQLDNASNVGLGLAITKEIINDHKGSIYLEDSKDLGGLSVRIEIPK,272,478,1651748,MRAMHFISKLLQHISKSFRQDEFKSEPTQRIKIREHRRILKNSLVSSSLKYALPRTLFVRFMFIIIIPILIGQIVAIFLFYDRHWYNVSYYTSTIIINEIESLIKEHRNNSRKITHLSENYLNLSYQFQLNKKLSIKQPKLGEPLTIFKNILATKIHEKNIVKLNKENKIEVFLELKDGVLYITFPAKLLLNPTVYIFVLWIISLTVILLSVSIIFSKNQIKSILTLADSMDKFGRGVLKGKNFKPSGALEIRKAGLAFLKMKARIEKQITKKTTMLAMISHDLRTPLTRMKLQLELMEESEEIEGLKQDILTMQQMINSYLDFAKGESTEEFEDILLLPWMERFFNKWSHVNIEFIKPTNLDKLEVCIKPHSFERALSNLIGNAIKHGTKIKISSKDNSSTVAIIIEDNGPGIDDTETHLVFKPFYRSDKARQLDNASNVGLGLAITKEIINDHKGSIYLEDSKDLGGLSVRIEIPKI,GCF_000007025.1-RC_RS02995,GCF_000007025.1
HK,2AY05iRjy5nAngKZUYhbcA,{'HK_CA': 1},NTKFFTNISHELRTPLNAIIGFSEILMSERDAEKSKNYIKDINDAGKHLLSMINDILDLSKASADKLKVDSIDLDLNKLIRSSLILVKTRADQAEVALISRLPKEHVVIKADPKRLKQVFLNLLSNAVKFTNSGGSVTIALEKDELAKLVYIKVIDTGIGIEEKDIPKTLSAFGQIDSELSRKYEGTGLGLPLTKKLVELMNGKFDLQSKINEGTTITITFTYD,268,492,1651426,MNHNKYIVRLSFIILFLNIVINMMFYRYFMIKEMIVKQVALEHTKIVELYTDNIWNTHQNVISKLRKFDYLKLLQDQDFINFAKVTTQWFTNLNINISLYDLKGNKFITSNMLHMYSVDNYKDDSLVEIVTAKIDKFFLKSFTSKAPLRDAFEGITSHILLPRVVIENESDLTVEEASFVTSYIPVINNNLDFPVDAVFEINTNITSQWQNITSLEQKVFITFIIIFIIFCTIIISNTNYARQIIEEQLEINRNLKAQIVKVEKTSSSNTKFFTNISHELRTPLNAIIGFSEILMSERDAEKSKNYIKDINDAGKHLLSMINDILDLSKASADKLKVDSIDLDLNKLIRSSLILVKTRADQAEVALISRLPKEHVVIKADPKRLKQVFLNLLSNAVKFTNSGGSVTIALEKDELAKLVYIKVIDTGIGIEEKDIPKTLSAFGQIDSELSRKYEGTGLGLPLTKKLVELMNGKFDLQSKINEGTTITITFTYDCSIEI,GCF_000007025.1-RC_RS01585,GCF_000007025.1
RR,wrgpDNHU0z1wgxS5TAMQHA,"{'RR': 1, 'Trans_reg_C': 1}",LLIEGEPEMANLIELTLASEGIVCDKASVGVEGLRLGKVGGYDLVILDLMLPDINGFEILLRLRAAKIKTPILILSSLTDTYQKITGFSSGADDYLTKPFVREELIARIK,3,113,1651188,MRVLLIEGEPEMANLIELTLASEGIVCDKASVGVEGLRLGKVGGYDLVILDLMLPDINGFEILLRLRAAKIKTPILILSSLTDTYQKITGFSSGADDYLTKPFVREELIARIKAIVRRSKGHAASVFRFDKVSINLDTRSVEVDGKKVHLTNKEYAILELLILRRGTILTKEMFLNHLYSSVDEPEMKIIDVFICKLRKKLSDAAGGRDYIDTVWGRGYMLKEYDELQQKEILAQGA,GCF_000007025.1-RC_RS00525,GCF_000007025.1
RR,T0xDbAwg6Kzfv4f0LPzwwg,"{'RR': 2, 'GGDEF': 1}",LLINDDVVQAKNIKQMLLKLTQNVKVISNSDELDIINEYTPDLVIISSTLENDDPLRISVILRGKAEISGVVIILQIDEDGMPLVVKGIELGINDYFVYPIEESELLARIR,154,265,1651438,MTTILVVDDIEPNIKLLTAKLLKEYYTVLTANSGKEALAILKKEKIDIILLDVMMPEMDGCEVCKTIKTDPETTHIPVVMVTALSDIDDRVKGLEAGADEFLTKPINDTALFVRLKSLSRMKSLIDELKLRNSTNALLGVINIEMHDTFADKKILLINDDVVQAKNIKQMLLKLTQNVKVISNSDELDIINEYTPDLVIISSTLENDDPLRISVILRGKAEISGVVIILQIDEDGMPLVVKGIELGINDYFVYPIEESELLARIRTQLRRKQYQDNLRNDLEQSVNLAVKDGLTGLFNRRYFDIHLKQIIEKTNKESIKLYLLMCDIDNFKHVNDTYGHQAGDKVLTIVSRILKNTLRVTDLIARFGGEEFTILLTDIDISKAIATAERIRVKIEYMNFHIEDQIEPLKTTISIGVTKYKKEESIESFIERADKAMYEAKTTGKNKVVKL,GCF_000007025.1-RC_RS01640,GCF_000007025.1
